Date,Actual_Close,Predicted_Close,Actual_Log_Return,Predicted_Log_Return
2020-02-25,1545.19,1510.248349609375,0.028229493760165557,0.005356706
2020-02-26,1596.13,1559.3839766204358,0.03243506920964201,0.009143952
2020-02-27,1632.17,1611.0624758374693,0.02232846843907631,0.009311949
2020-03-01,1591.36,1647.2489669549466,-0.025321421239374916,0.009196198
2020-03-02,1495.3,1593.8328033065795,-0.06226214093657572,0.0015527635
2020-03-03,1509.67,1497.4604342460632,0.009564228288803028,0.0014437909
2020-03-04,1441.2,1513.6128901708128,-0.04641498400466287,0.0026082352
2020-03-05,1435.7,1439.9287331342698,-0.003823564740289887,-0.00088254246
2020-03-10,1349.31,1427.269040095806,-0.062059184474091936,-0.0058897072
2020-03-11,1423.09,1346.002998535037,0.05323721309229185,-0.002453912
2020-03-12,1377.18,1419.4682371985912,-0.032792633611923035,-0.0025483018
2020-03-15,1313.04,1368.2209343504906,-0.04769287071624506,-0.006526579
2020-03-16,1316.39,1304.0225045585632,0.0025480821414160205,-0.0068913046
2020-03-17,1272.06,1310.2173190677167,-0.034255507966168504,-0.0047001704
2020-03-18,1255.8,1262.928763332367,-0.012864813918918569,-0.007204247
2020-03-19,1269.3,1246.3774670004843,0.010692747714122349,-0.0075314837
2020-03-22,1251.45,1264.6377638339995,-0.014162688377938198,-0.0036797784
2020-05-12,1226.15,1242.2105585038662,-0.020423699901304326,-0.007410413
2020-05-13,1201.57,1217.0381498932838,-0.02025014412774424,-0.0074589937
2020-06-29,1188.7,1192.5243577349186,-0.010768762000566062,-0.007556672
2020-06-30,1260.75,1180.619324696064,0.058846508970255965,-0.0068210564
2020-07-01,1336.52,1263.2457674145699,0.05836243896958141,0.0019775152
2020-07-02,1256.11,1336.953684282303,-0.06204957711530873,0.0003244199
2020-07-05,1265.45,1254.4788075202703,0.007408146318458495,-0.0012994215
2020-07-06,1298.73,1268.2496881663799,0.025959073742777134,0.002209976
2020-07-07,1336.66,1302.4583916306497,0.028787101216552154,0.0028666155
2020-07-08,1326.53,1341.4128617954254,-0.007607454860315886,0.0035494852
2020-07-09,1331.27,1327.562461448908,0.0035668635904829277,0.00077802775
2020-07-12,1340.29,1341.4932792532443,0.006752634621364651,0.0076499954
2020-07-13,1342.4,1351.534486490488,0.0015730482725147528,0.008354627
2020-07-14,1347.44,1346.2584001541138,0.0037474391771888955,0.0028701457
2020-07-15,1362.34,1350.3057528209688,0.010997313559025612,0.002124571
2020-07-16,1394.77,1372.901592247486,0.0235257176610354,0.007722621
2020-07-19,1479.03,1407.1564157104492,0.0586569403705504,0.0088415155
2020-07-20,1464.94,1492.0157109224797,-0.00957218149967828,0.008741615
2020-07-21,1449.94,1466.9041137337686,-0.010292109732935654,0.0013398418
2020-07-22,1432.44,1452.5430655384064,-0.012142892353180758,0.0017937119
2020-07-23,1442.61,1434.5888457870483,0.007074689079061657,0.0014991028
2020-07-26,1465.1,1450.5375889134407,0.015469526533258282,0.0054802103
2020-07-27,1462.48,1473.0283969998359,-0.0017898747084375216,0.005396905
2020-07-28,1454.89,1465.6659111213685,-0.005203328425735266,0.0021761232
2020-07-29,1431.52,1454.6577686560156,-0.01619347957380867,-0.00015962393
2020-07-30,1439.06,1431.2884272956849,0.0052533058408033035,-0.00016176021
2020-08-02,1396.28,1439.327102291584,-0.030178565363956956,0.0001855915
2020-08-03,1403.86,1393.0160908365249,0.005414028238028064,-0.0023402509
2020-08-05,1382.66,1404.0527908325193,-0.015216405445247258,0.00013735192
2020-08-06,1381.37,1379.9969076704979,-0.0009334197484556662,-0.0019278758
2020-08-09,1392.68,1379.3810899376867,0.008154188040946144,-0.0014408723
2020-08-10,1430.41,1393.4460180950166,0.026731168084863123,0.00054982305
2020-08-11,1423.81,1431.5390007364751,-0.004624739342807197,0.0007891025
2020-08-12,1425.32,1421.6216533362865,0.0010599727926623138,-0.0015381423
2020-08-13,1408.79,1424.8268322062493,-0.011665169978954552,-0.00034615217
2020-08-16,1391.46,1406.1424963909387,-0.012377624321994287,-0.0018809981
2020-08-17,1402.21,1390.1202279639244,0.007696007802528314,-0.0009633392
2020-08-18,1407.89,1404.4157966184616,0.004042566268369912,0.001571891
2020-08-19,1391.29,1409.8836949384213,-0.011860755366531294,0.0014150405
2020-08-20,1397.57,1390.0387092727422,0.004503639920718408,-0.0008997998
2020-08-23,1410.34,1399.76483222723,0.009095795835417487,0.0015692428
2020-08-24,1431.6,1412.9220734167097,0.014961889836195138,0.0018291652
2020-08-25,1440.94,1434.52733130455,0.006502978489214777,0.0020427657
2020-08-26,1462.03,1444.9227388334275,0.014530202553950653,0.0027601162
2020-08-27,1458.04,1466.2873221695422,-0.0027328129005114877,0.0029076573
2020-08-30,1462.67,1458.1561063575743,0.003170464632460415,7.965038e-05
2020-08-31,1484.99,1466.7809765279294,0.015144505540407341,0.0028066717
2020-09-02,1510.57,1492.6390560662746,0.017079024816335654,0.005137734
2020-09-03,1510.42,1519.4751983606814,-9.930519473626238e-05,0.0058779106
2020-09-06,1499.97,1514.2054993438721,-0.006942649938693004,0.0025031518
2020-09-07,1487.81,1500.0284709870816,-0.008139867822133292,3.8857186e-05
2020-09-08,1495.15,1488.015029053688,0.004921296171617809,0.00013778839
2020-09-09,1508.2,1500.414015209675,0.00869035052876334,0.0035145364
2020-09-10,1520.69,1513.532075047493,0.0082472924372607,0.0035291025
2020-09-13,1537.25,1526.7996924626827,0.010830926627771825,0.0040097195
2020-09-14,1540.51,1543.2757738232613,0.0021184245809709994,0.003912198
2020-09-15,1536.03,1543.6653557896614,-0.0029123646476649093,0.0020460826
2020-09-16,1541.4,1536.988575850725,0.0034899285770077855,0.00062391546
2020-09-17,1572.18,1545.7232511520388,0.01977209690699116,0.0028007817
2020-09-20,1575.18,1578.0565058398247,0.001906360193020388,0.0037308799
2020-09-21,1569.06,1579.1309966826439,-0.0038928375242551516,0.0025051972
2020-09-22,1546.15,1568.454436866045,-0.014708743899301937,-0.00038602718
2020-09-23,1555.52,1545.4512601554395,0.0060419248367432656,-0.00045202623
2020-09-24,1561.27,1559.631964225769,0.0036896977488447215,0.0026399028
2020-09-27,1565.55,1565.421173362732,0.002737607328234957,0.0026553748
2020-09-28,1560.83,1567.92166993618,-0.003019468897635695,0.0015137536
2020-09-29,1553.62,1560.7050570601225,-0.0046300392558673315,-8.009099e-05
2020-09-30,1550.43,1552.509319999218,-0.0020553799861701303,-0.0007151401
2020-10-01,1571.04,1549.8940980023146,0.013205508626482749,-0.0003457813
2020-10-04,1585.75,1574.478133277893,0.009319661093026515,0.002186054
2020-10-05,1582.12,1589.311629742384,-0.0022917617129377048,0.0022433854
2020-10-06,1586.29,1582.688827857971,0.0026322366156605105,0.00035958484
2020-10-07,1600.97,1588.5408632981778,0.00921173911585166,0.0014180352
2020-10-08,1589.63,1605.1910404264927,-0.007108410800690247,0.0026331376
2020-10-11,1576.27,1588.4255464982987,-0.008439988190672734,-0.0007579567
2020-10-12,1578.01,1575.127437403798,0.0011032629801364414,-0.00072510715
2020-10-13,1568.59,1578.4947683632374,-0.005987432874674191,0.0003071588
2020-10-14,1561.17,1567.4386994946003,-0.004741586512551759,-0.0007342547
2020-10-15,1562.46,1559.6168526560068,0.0008259621487421937,-0.0009953469
2020-10-18,1556.8,1562.0047811794282,-0.003629069851130372,-0.00029145041
2020-10-19,1570.38,1555.1471797943116,0.008685195840650086,-0.0010621946
2020-10-20,1583.6,1573.408210029602,0.0083831079595848,0.0019263825
2020-10-21,1597.71,1586.7042955398558,0.008870617779271553,0.001958433
2020-10-22,1606.25,1600.8870945203305,0.005330915632282873,0.0019865455
2020-10-28,1647.45,1611.3016232848167,0.025326368258934605,0.0031400372
2020-10-29,1645.67,1652.4615143179894,-0.0010810417921908884,0.0030372639
2020-11-01,1640.95,1646.737018405199,-0.0028722537104606924,0.0006482435
2020-11-02,1637.63,1641.6591097533703,-0.0020252677285935846,0.00043211784
2020-11-03,1643.03,1639.1437413764002,0.0032920234811516158,0.0009239466
2020-11-04,1640.64,1648.0776224577426,-0.001455688557035154,0.0030674264
2020-11-05,1636.17,1641.8727377700807,-0.0027282648506792347,0.0007511469
2020-11-08,1648.58,1637.2047225487233,0.007556166555363292,0.0006323162
2020-11-09,1652.8,1653.930225200653,0.0025565080653541282,0.0032401185
2020-11-10,1678.79,1656.5654233932494,0.015602476440628753,0.0022756727
2020-11-11,1707.67,1684.6521307229996,0.017056572444445653,0.0034858226
2020-11-12,1718.49,1713.7883001816274,0.006316129994287262,0.0035764792
2020-11-18,1741.81,1726.3064322316648,0.013478804184700526,0.004538196
2020-11-19,1778.12,1752.1396713685988,0.020631823930515138,0.0059128343
2020-11-22,1782.81,1788.856624507904,0.0026341448508577473,0.006020004
2020-11-23,1780.43,1790.2967067182065,-0.0013358630650372487,0.0041905926
2020-11-24,1810.11,1789.0057105529309,0.01653270874812948,0.0048050582
2020-11-25,1874.81,1826.8453989207744,0.0351197040427076,0.009203005
2020-11-26,1893.24,1891.7493389618396,0.009782326120754003,0.008994642
2020-11-29,1968.27,1910.237300491333,0.038865337266397126,0.008937828
2020-11-30,1997.05,1988.0932282340527,0.014516107334955394,0.010021043
2020-12-01,2000.4,2017.8906155169009,0.0016760688860334367,0.010381646
2020-12-02,2071.02,2015.982577943802,0.03469407897465444,0.0077596637
2020-12-03,2055.45,2091.2327073311803,-0.007546437459083456,0.009712474
2020-12-06,1932.11,2057.6145838379857,-0.06188213209083314,0.0010525449
2020-12-07,2004.39,1940.8658223783968,0.036727105079491125,0.0045214947
2020-12-08,1995.35,2019.554209241867,-0.004520301516073445,0.007537019
2020-12-09,1955.75,1995.056475508213,-0.020045721967714137,-0.00014714253
2020-12-10,1964.02,1955.415089264512,0.004219641596760636,-0.00017126578
2020-12-13,2010.45,1968.9460831832885,0.023365184430664713,0.0025049855
2020-12-14,2067.17,2016.3785761892796,0.027821944506460684,0.0029445149
2020-12-15,2061.41,2072.938336696625,-0.002790307436063297,0.002786579
2020-12-16,2055.22,2060.6387474530934,-0.0030073165016878084,-0.0003741765
2020-12-17,2032.51,2053.9608157360553,-0.011111415702262213,-0.00061283977
2020-12-20,1935.63,2030.7287751215697,-0.04883862758995269,-0.00087676285
2020-12-21,1965.96,1933.206830572486,0.015547820751062293,-0.00125262
2020-12-22,2061.41,1971.066485180855,0.04740953904284039,0.002594119
2020-12-23,2068.45,2067.6807734560966,0.0034093198409129635,0.0030373635
2020-12-24,2038.63,2072.9618925690647,-0.014521520896336257,0.0021789696
2020-12-27,1998.65,2036.684838833809,-0.019806060980574608,-0.00095465855
2020-12-28,2007.29,1995.7095432549715,0.004313601001086463,-0.0014723422
2020-12-29,2012.89,2009.2069330823422,0.0027859467098649083,0.00095444015
2020-12-30,2062.06,2014.7964439594746,0.024133982778743856,0.0009465445
2020-12-31,2087.27,2067.5559699487685,0.012151508897359265,0.002661729
2021-01-03,2175.39,2106.1389167392254,0.0413509667793641,0.008999278
2021-01-04,2169.04,2193.2314173853397,-0.0029232854584121267,0.008168067
2021-01-05,2165.49,2169.617644748688,-0.0016380095621639974,0.0002661709
2021-01-06,2178.57,2166.2636651337143,0.0060220344694671,0.0003572299
2021-01-07,2194.48,2190.4403721749786,0.007276418151109939,0.005433899
2021-01-10,2235.72,2215.047965631485,0.018618207426828206,0.009328961
2021-01-11,2239.42,2255.337634062767,0.0016535799296042064,0.008736359
2021-01-12,2267.73,2257.126900806427,0.012562427391998136,0.007875796
2021-01-13,2286.54,2288.0423923230173,0.008260426789669125,0.008917308
2021-01-17,2315.0,2306.9292904615404,0.01236992958880049,0.008877539
2021-01-18,2332.31,2328.5881865024567,0.007449505219857462,0.005852416
2021-01-19,2326.9,2344.719447697401,-0.0023222831472903957,0.005306676
2021-01-20,2342.76,2331.1837043643,0.006792811889809561,0.0018392873
2021-01-21,2374.64,2356.0774074411393,0.013516125549412032,0.005668456
2021-01-24,2424.84,2395.3427103614804,0.020919695781281698,0.008680527
2021-01-25,2440.87,2438.7699678325653,0.006588990299415883,0.005728224
2021-01-26,2423.09,2454.7232901644707,-0.007310947949799362,0.005659519
2021-01-27,2441.85,2425.5513320696355,0.007712363559606755,0.0010152983
2021-01-28,2425.29,2453.9160214841363,-0.00680484387220951,0.004929211
2021-01-31,2370.54,2425.2771342891456,-0.02283332757341283,-5.3661324e-06
2021-02-01,2408.24,2370.419192608595,0.015778412959289168,-5.0978862e-05
2021-02-02,2473.73,2419.91802652359,0.02683094275643787,0.0048374045
2021-02-03,2466.92,2482.261803650856,-0.0027567240394405913,0.003443022
2021-02-04,2475.26,2467.999860954285,0.0033750320371307716,0.00043770295
2021-02-07,2524.0,2481.131382174492,0.019499503670680422,0.0023692297
2021-02-08,2561.47,2533.3806681632996,0.014736367762002645,0.0037097742
2021-02-09,2532.46,2569.854022926092,-0.01139015009430412,0.0032678014
2021-02-10,2543.03,2532.0216517162326,0.00416512111378347,-0.00017316587
2021-02-11,2526.92,2549.8754933679106,-0.006355113648119366,0.0026882451
2021-02-14,2493.59,2526.105166525841,-0.01327773061566176,-0.0003224254
2021-02-15,2586.01,2494.4734540224076,0.03639270812154624,0.00035431978
2021-02-16,2601.51,2593.9897349989415,0.00597589835881022,0.0030809422
2021-02-17,2611.45,2611.2336328768733,0.003813576949277986,0.0037306482
2021-02-18,2636.68,2624.8425174474714,0.009614927362377406,0.005115303
2021-02-21,2640.34,2646.4976836729047,0.0013871467558865583,0.0037165852
2021-02-22,2607.67,2643.879398109913,-0.012450594428559971,0.001339568
2021-02-23,2586.51,2607.1841281831266,-0.008147625633552858,-0.00018631133
2021-02-24,2599.07,2586.1700595384837,0.004844212050138563,-0.0001314657
2021-02-25,2554.13,2603.6985994923116,-0.017442031869473344,0.0017792302
2021-02-28,2474.39,2550.8468350470066,-0.03171775586633181,-0.0012862973
2021-03-01,2515.03,2470.6611332815883,0.01629083091319636,-0.0015080741
2021-03-02,2455.33,2515.145428751707,-0.02402356014506266,4.590355e-05
2021-03-03,2416.01,2441.0877473157643,-0.016143752628069875,-0.00581734
2021-03-04,2506.68,2409.767509142757,0.036841749291577804,-0.0025870916
2021-03-07,2485.1,2505.9127808260914,-0.008646268240809475,-0.00030609858
2021-03-09,2461.88,2477.543183261156,-0.009387614474319945,-0.0030454923
2021-03-10,2458.49,2455.1285163927078,-0.0013779453725603873,-0.002746191
2021-03-14,2407.26,2445.0777227354047,-0.0210581690933412,-0.0054703397
2021-03-15,2389.19,2396.330402623415,-0.007534774881565661,-0.004550606
2021-03-16,2391.75,2384.5898324531317,0.0010709192103081488,-0.001927261
2021-03-17,2432.15,2389.6242966502905,0.016750324257372915,-0.00088914996
2021-03-18,2475.09,2436.0884753227233,0.017501119162363597,0.0016179697
2021-03-21,2538.47,2482.108737902641,0.025284778336844903,0.0028318139
2021-03-22,2514.4,2543.6031599485873,-0.009527330831500366,0.0020201346
2021-03-23,2528.96,2513.5890538692474,0.005773944533252689,-0.0003225625
2021-03-24,2570.31,2535.7721409606934,0.01621836316643137,0.0026899967
2021-03-25,2548.97,2577.8426563167573,-0.008337158197487995,0.0029264272
2021-03-29,2543.52,2548.312748867273,-0.0021404075729922227,-0.0002579227
2021-03-30,2575.67,2546.448413887024,0.012560746015398526,0.0011506969
2021-03-31,2619.03,2590.7504557859897,0.016694325767869448,0.00583792
2021-04-01,2631.9,2633.353694508076,0.004901998606618417,0.0054541463
2021-04-04,2657.61,2646.187093913555,0.009721203843001269,0.0054137525
2021-04-05,2658.75,2667.769203990698,0.00042886486899796266,0.0038154137
2021-04-06,2674.47,2665.6065295636654,0.005895142344030425,0.0025755058
2021-04-07,2671.62,2684.9684787261485,-0.001066199884396159,0.0039178007
2021-04-08,2674.36,2674.989220254421,0.0010250693941710857,0.0012603295
2021-04-12,2691.56,2679.28973669529,0.006410851786294042,0.001841636
2021-04-13,2714.79,2706.5624021768567,0.00859365115567506,0.005558388
2021-04-15,2735.4,2728.12898299098,0.0075630751372291975,0.0049014427
2021-04-18,2699.51,2743.3235416173934,-0.013207402406268484,0.0028924637
2021-04-19,2661.94,2697.959213660956,-0.014015094784169489,-0.00057463226
2021-04-20,2664.62,2660.246896582842,0.0010062780579383386,-0.0006362201
2021-04-21,2632.21,2665.376000947952,-0.012237660818532852,0.0002837079
2021-04-22,2648.01,2629.173042678237,0.005984616988395119,-0.0011544423
2021-04-25,2572.21,2648.882504668236,-0.029042962937812108,0.00032939954
2021-04-26,2506.62,2560.876752850413,-0.02583021946580106,-0.004415772
2021-04-27,2599.08,2501.8203259956836,0.03622230415620482,-0.0019166062
2021-04-28,2585.28,2599.5010650587083,-0.005323716946061163,0.00016195208
2021-04-29,2611.11,2578.337417564392,0.00994159897268176,-0.002689039
2021-05-02,2665.11,2615.0690249168874,0.020469914281470443,0.0015151732
2021-05-03,2652.58,2669.209358836413,-0.004712581285966677,0.0015369942
2021-05-04,2654.03,2649.067198922634,0.0005464882612767624,-0.0013251595
2021-05-05,2649.6,2653.653027235866,-0.0016705543298656757,-0.00014200796
2021-05-06,2637.13,2647.5671447753907,-0.0047174806075793154,-0.00076749834
2021-05-09,2618.63,2635.5392858076098,-0.007039924351858303,-0.00060342345
2021-05-10,2645.85,2618.130535964966,0.010341094494092987,-0.00019071107
2021-05-11,2673.32,2653.048915529251,0.01032877092324479,0.0027171266
2021-05-12,2673.88,2680.8266152334213,0.00020945541668439334,0.002804029
2021-05-13,2684.01,2676.561973733902,0.003781343801521095,0.0010025557
2021-05-16,2738.3,2691.7312487840654,0.02002534500758853,0.002872599
2021-05-17,2759.22,2747.9251384973527,0.007610741199545963,0.00350881
2021-05-18,2793.81,2769.555141613483,0.012458224567148377,0.0037387034
2021-05-19,2780.81,2804.5518005383014,-0.004664003489265303,0.003837545
2021-05-20,2787.19,2781.952011934519,0.0022916676696031636,0.0004106356
2021-05-23,2820.0,2799.2433575570585,0.01170296511049216,0.004315301
2021-05-24,2823.05,2835.266160964966,0.0010809758187491224,0.005398896
2021-05-25,2816.6,2828.193918901682,-0.0022873769869584553,0.0018204158
2021-05-27,2815.4,2820.231632995605,-0.00042613637008490914,0.0012885097
2021-05-30,2827.93,2819.567080688477,0.004440647841003143,0.0014789589
2021-05-31,2782.86,2834.7768163371084,-0.016065819400137286,0.002418299
2021-06-01,2771.15,2780.948498196602,-0.004216779354559987,-0.0006870329
2021-06-02,2827.13,2769.2417515784505,0.019999666299396614,-0.0006888093
2021-06-03,2856.77,2836.510956119299,0.01042955318538139,0.0033126906
2021-06-06,2906.91,2866.978772932291,0.01739904536234196,0.0035672523
2021-06-07,2906.7,2915.8168779623506,-7.224426822278489e-05,0.0030593039
2021-06-08,2960.14,2910.018138027191,0.01821814743785334,0.001141014
2021-06-09,2946.58,2971.3522879457473,-0.0045913887305822935,0.0037807093
2021-06-10,2944.78,2947.7528561663626,-0.0006110643572993782,0.00039794648
2021-06-13,2983.11,2948.4736968755724,0.012932269054381508,0.0012535427
2021-06-14,3025.83,3000.1446421265605,0.014219053531456544,0.0056941286
2021-06-15,3022.11,3044.135161099434,-0.0012301710893723482,0.0060314704
2021-06-16,2969.72,3024.9975126421455,-0.017487590647306473,0.00095497386
2021-06-17,2968.42,2969.684067151546,-0.00043784754848098583,-1.2098128e-05
2021-06-20,2905.32,2968.406022402048,-0.021486285584976714,-4.640828e-06
2021-06-21,2834.41,2901.592503554821,-0.024709736496157684,-0.0012837624
2021-06-22,2913.84,2831.3068365859986,0.027637996275246112,-0.0010954627
2021-06-23,2859.96,2916.959611387253,-0.018664160201722544,0.0010700793
2021-06-24,2843.0,2854.4825575733184,-0.005947806051107272,-0.0019170386
2021-06-27,2870.18,2837.5762216448784,0.009514912906024594,-0.0019095698
2021-06-28,2871.6969,2870.540286180973,0.0005283638300532812,0.00012549979
2021-06-29,2828.0,2861.6583286547184,-0.015333361370614437,-0.0035018155
2021-06-30,2823.88,2820.663678884506,-0.0014579222240272685,-0.0025974798
2021-07-01,2843.0,2818.0868873739246,0.006748006858563615,-0.0020535667
2021-07-04,2834.52,2844.818601846695,-0.002987221993382873,0.00063940807
2021-07-05,2822.74,2831.640744595528,-0.004164566247844777,-0.0010163393
2021-07-06,2818.11,2817.6947347795963,-0.00164159693654638,-0.001788971
2021-07-07,2801.13,2814.968243379593,-0.006043540294404724,-0.0011155534
2021-07-08,2825.11,2797.3074425894024,0.008524394696751281,-0.0013655558
2021-07-11,2899.82,2830.5156454432013,0.026101364207117877,0.0019116421
2021-07-12,2854.84,2903.2581878042224,-0.015632866594516605,0.0011849293
2021-07-13,2871.03,2852.8845014667513,0.005655050899090689,-0.0006852509
2021-07-14,2872.05,2876.49544528842,0.0003552101000594807,0.0019018666
2021-07-15,2883.38,2873.014128112793,0.0039371566106144555,0.0003356187
2021-07-18,2980.61,2891.573389065266,0.033164760440314744,0.0028374598
2021-07-19,2994.42,2993.8945695829393,0.004622579164044936,0.004447092
2021-07-22,3004.33,3009.9728640031817,0.003304024676898684,0.0051805126
2021-07-25,3058.64,3019.773529359102,0.017915791328079363,0.0051272456
2021-07-26,3050.43,3076.2043928146363,-0.0026878084365163325,0.0057260985
2021-07-27,3076.3728,3054.9369491171833,0.008468676369996946,0.0014763378
2021-07-28,3094.95,3092.9729337518693,0.0060205102585917224,0.005381528
2021-07-29,3079.82,3111.9086392343042,-0.0049005971979443575,0.0054645585
2021-08-01,3081.07,3084.0729862976077,0.00040578553330842886,0.0013799864
2021-08-02,3085.07,3089.376679620743,0.001297408284952817,0.0026924927
2021-08-03,3111.09,3091.0594859814646,0.008398799564147387,0.0019395921
2021-08-04,3123.15,3122.6478185033798,0.0038689607855000975,0.003708137
2021-08-05,3107.45,3133.710530394316,-0.005039653718479635,0.00337563
2021-08-08,3108.13,3107.232738754153,0.00021880500378517587,-6.988952e-05
2021-08-09,3109.6,3113.018614084721,0.0004728413833948709,0.001571586
2021-08-10,3161.56,3114.661074352264,0.01657147611363788,0.0016261961
2021-08-11,3162.41,3172.469380407333,0.0002688184811498767,0.003444728
2021-08-12,3178.91,3167.3968058538435,0.005203975587686949,0.0015756025
2021-08-15,3154.34,3187.568377609253,-0.0077590883879351605,0.0027199467
2021-08-16,3160.09,3154.2905524981024,0.0018212258554866742,-1.5681266e-05
2021-08-17,3160.32,3163.318045846224,7.278008866555457e-05,0.0010210157
2021-08-18,3198.19,3165.112503204346,0.011911736484946204,0.001515321
2021-08-19,3180.86,3207.651198215485,-0.005433424298229712,0.0029538812
2021-08-24,3125.01,3178.4244750857356,-0.017714117298039952,-0.0007660674
2021-08-25,3076.45,3120.693678583503,-0.01566114835158823,-0.0013821728
2021-08-26,3094.05,3071.393002575636,0.005704577498919394,-0.0016450605
2021-08-29,3044.87,3094.646413475275,-0.016022705019329755,0.00019268642
2021-08-31,2975.84,3031.16272601068,-0.022931855226566475,-0.0045119124
2021-09-01,2977.02,2966.946650724411,0.00039644809904978805,-0.0029929257
2021-09-02,2926.74,2962.1609984958172,-0.017033624571125876,-0.0050037866
2021-09-05,2818.73,2906.0233366727825,-0.037602746712604974,-0.0071035856
2021-09-06,2980.79,2802.4218315345047,0.0559019371554815,-0.005802507
2021-09-07,2936.61,2971.5355808210375,-0.014932511215933248,-0.0031095
2021-09-08,2876.59,2918.73746537447,-0.020650289984155898,-0.006104745
2021-09-09,2875.98,2863.8815237665176,-0.00021207912369133617,-0.0044276984
2021-09-12,2947.42,2870.9391715407373,0.024536725683885947,-0.0017543024
2021-09-13,2947.7,2948.884819190502,9.499382547259619e-05,0.0004968289
2021-09-14,2929.29,2946.677797114849,-0.006265132395628551,-0.00034687578
2021-09-15,2889.03,2924.0230378210545,-0.013839267199255397,-0.0017996292
2021-09-16,2812.39,2882.4977801120285,-0.026886149991606424,-0.0022636426
2021-09-20,2698.25,2805.8733251684903,-0.0414312409312493,-0.0023198042
2021-09-21,2712.07,2679.206972271204,0.005108766231166514,-0.0070825736
2021-09-22,2816.95,2711.964117960334,0.03794255840345654,-3.9047787e-05
2021-09-23,2819.66,2819.976960766315,0.0009615709473637322,0.0010740086
2021-09-26,2758.48,2817.857840799093,-0.021936506918441942,-0.000639322
2021-09-27,2685.42,2738.7470184278486,-0.026842663078078803,-0.0071792454
2021-09-28,2615.4,2666.009098727703,-0.02642009081851965,-0.007254477
2021-09-29,2665.94,2596.353361272812,0.01913966638659015,-0.0073091583
2021-09-30,2633.42,2656.38424487114,-0.012273334221151715,-0.0035907472
2021-10-03,2577.5,2615.6452324688435,-0.02146344474672533,-0.0067725894
2021-10-04,2570.81,2570.126481503248,-0.002598912561810715,-0.0028648544
2021-10-05,2612.65,2567.026083637476,0.016144007563453903,-0.0014729351
2021-10-06,2681.11,2612.9739102363587,0.0258658559681324,0.00012394386
2021-10-10,2662.58,2681.541158231497,-0.006935310346253925,0.0001608298
2021-10-11,2639.38,2656.068768801689,-0.00875153644034718,-0.0024484566
2021-10-17,2656.97,2635.6951098644736,0.006642334692160838,-0.0013971839
2021-10-18,2587.45,2659.6071398234367,-0.02651354105102826,0.0009920178
2021-10-19,2510.73,2577.0901544630524,-0.0300992872209873,-0.0040119174
2021-10-20,2571.66,2507.2435766977073,0.02397805727879647,-0.0013895911
2021-10-21,2556.96,2574.979494066238,-0.005732551936432616,0.001289993
2021-10-24,2584.53,2554.578493022919,0.010724620392983249,-0.00093179534
2021-10-25,2672.25,2591.470568364859,0.033377140924273185,0.0026817194
2021-10-26,2751.07,2679.7035972476006,0.02906911273941433,0.002785383
2021-10-27,2769.13,2759.44231469512,0.006543264532260228,0.0030385936
2021-10-28,2782.17,2777.9042180109027,0.004698007307876425,0.0031635528
2021-10-31,2837.62,2795.9319211649895,0.019734473910722018,0.004934281
2021-11-01,2819.87,2852.619259521961,-0.006274888065554164,0.005271951
2021-11-02,2843.62,2833.4940138089655,0.00838710378984234,0.0048197634
2021-11-03,2848.84,2865.6269659233094,0.0018340054960969525,0.0077092615
2021-11-08,2829.65,2866.630035552979,-0.006758864787463201,0.0062252833
2021-11-09,2749.86,2831.0525789141657,-0.028603027803453827,0.00049554073
2021-11-11,2690.29,2748.1509685242177,-0.02190100679718531,-0.0006217504
2021-11-14,2688.92,2687.476913641095,-0.0005093684870533499,-0.0010462045
2021-11-15,2715.35,2688.3016701555252,0.009781232513684967,-0.00022994378
2021-11-16,2784.58,2720.9505699276924,0.025176195586025955,0.0020604997
2021-11-17,2801.52,2789.002208638191,0.006065072923249218,0.0015868198
2021-11-18,2769.13,2805.533951883316,-0.01162893558678767,0.0014316912
2021-11-21,2757.53,2764.7991740709545,-0.00419783993748834,-0.0015651507
2021-11-22,2765.44,2754.15960111022,0.0028644028152722614,-0.0012229256
2021-11-23,2733.14,2765.5949430847168,-0.011748622928201157,5.6036573e-05
2021-11-24,2735.01,2729.2572545695302,0.0006839607812145803,-0.0014215878
2021-11-25,2731.78,2735.0227155053617,-0.0011816807947098956,4.6059113e-06
2021-11-28,2651.49,2729.031158359051,-0.029831665241867124,-0.0010068289
2021-11-29,2629.98,2645.616875914335,-0.008145504539792351,-0.0022175182
2021-11-30,2628.37,2622.7087326872347,-0.0006123594094384945,-0.0027686018
2021-12-01,2633.66,2620.670793907046,0.002010631555551739,-0.0029336077
2021-12-02,2584.61,2625.7071618819236,-0.018799887572015554,-0.0030242582
2021-12-05,2513.89,2565.0385750615596,-0.02774327193349546,-0.0076011457
2021-12-06,2546.09,2496.404177481532,0.012727494839760276,-0.0069799754
2021-12-07,2508.91,2537.8496494609117,-0.014710453202359426,-0.0032417707
2021-12-08,2455.81,2488.8919165217876,-0.021391750147205953,-0.008010756
2021-12-09,2449.97,2435.7875822961328,-0.0023808661451110106,-0.008186432
2021-12-12,2361.27,2431.766097145676,-0.03687616969600101,-0.007457921
2021-12-13,2282.01,2342.0397674524784,-0.034142976336476845,-0.008177324
2021-12-14,2418.85,2266.616798189879,0.05823558705935042,-0.0067683225
2021-12-15,2414.62,2413.2166621416804,-0.0017502957833176816,-0.0023315898
2021-12-16,2376.74,2399.6556510579585,-0.015812124005217587,-0.006216698
2021-12-20,2358.81,2366.4806392812725,-0.007572546243033836,-0.0043258886
2021-12-21,2415.55,2352.6933696216342,0.023769749867184945,-0.0025964712
2021-12-22,2507.7,2419.322511547804,0.03743899394488731,0.0015604951
2021-12-23,2520.23,2515.0473752260204,0.004984168808680215,0.0029256546
2021-12-26,2591.42,2528.1122081422805,0.027855820818946615,0.003122788
2021-12-27,2521.65,2604.3977853727342,-0.027292538853669526,0.0049954727
2021-12-28,2518.99,2529.9974753916263,-0.001055421631744426,0.0033047916
2021-12-29,2524.5,2521.5547513377664,0.002184995783537317,0.0010176251
2022-01-02,2584.91,2532.826514482498,0.023647667789877317,0.0032928127
2022-01-03,2616.94,2604.4266897487637,0.012315005162803339,0.007521923
2022-01-04,2679.95,2641.835627834797,0.02379244136279473,0.009468353
2022-01-05,2649.2,2699.364491832256,-0.011540430003621408,0.0072182403
2022-01-06,2692.47,2652.2055566310883,0.016201280296364768,0.0011339113
2022-01-09,2765.47,2710.953551727533,0.026751614520774365,0.006841419
2022-01-10,2784.95,2781.191289319992,0.007019317450893649,0.005668665
2022-01-11,2834.13,2811.441294533014,0.017505091879333964,0.009467347
2022-01-12,2803.62,2856.102375458479,-0.01082357247220412,0.007722824
2022-01-13,2857.75,2820.115307099819,0.019123162619900897,0.005866439
2022-01-16,2926.74,2885.259471207857,0.023854573688852968,0.009580186
2022-01-17,2947.38,2955.1005950331687,0.007027464519816959,0.009643505
2022-01-18,2936.66,2964.0377441453934,-0.003643759002578554,0.005635837
2022-01-19,2898.31,2941.239709305763,-0.01314507262790699,0.0015583148
2022-01-20,2931.34,2902.762183563709,0.011331847863904223,0.0015350081
2022-01-23,2920.51,2943.823500261307,-0.0037013978022536298,0.004249622
2022-01-24,2820.65,2918.7560106158257,-0.034790903719889056,-0.00060081406
2022-01-25,2815.06,2818.850402402878,-0.001983779091979898,-0.0006382626
2022-01-26,2776.65,2813.6785795676706,-0.013738410660049898,-0.0004908401
2022-01-27,2779.98,2773.044555553794,0.001198568340395799,-0.0012993756
2022-01-30,2885.53,2779.533107854128,0.03726485849441938,-0.00016075929
2022-01-31,2871.05,2889.0128175604345,-0.0050307754045469015,0.0012062761
2022-02-01,2891.3,2867.92178170681,0.007028411450194473,-0.001090117
2022-02-03,2876.74,2895.15892329216,-0.005048519401695936,0.0013338042
2022-02-06,2836.17,2871.4984232652187,-0.014203158114586851,-0.0018237187
2022-02-07,2851.86,2831.866352967024,0.005516862532283328,-0.0015185984
2022-02-08,2835.58,2855.824709200859,-0.005724911195263417,0.0013891726
2022-02-09,2813.52,2832.598935678005,-0.00781013334332149,-0.0010518607
2022-02-10,2801.56,2810.6283685541152,-0.00425996355770285,-0.0010282639
2022-02-13,2700.89,2796.317808859348,-0.03659505656784026,-0.0018729151
2022-02-14,2700.98,2689.5013964754344,3.3321794122498806e-05,-0.004225476
2022-02-15,2754.29,2697.7479456186293,0.019545026024348277,-0.0011973209
2022-02-16,2734.44,2754.322177021503,-0.007233034432595402,1.1657183e-05
2022-02-17,2732.52,2727.889619793892,-0.0007024013634410482,-0.0023983773
2022-02-20,2693.1,2726.6556709527968,-0.014531313897821307,-0.0021484508
2022-02-21,2718.51,2686.788785272837,0.009390989647629647,-0.0023462658
2022-02-22,2735.93,2719.9433688890936,0.00638747854144082,0.00052714144
2022-02-23,2720.43,2737.045427088737,-0.0056814585891141346,0.0004076289
2022-02-24,2661.44,2712.9942753535506,-0.02192262635038607,-0.0027369524
2022-02-27,2653.7,2656.327220191956,-0.0029124371027202628,-0.0019229129
2022-02-28,2610.6,2649.2159579932686,-0.01637481262291303,-0.0016911522
2022-03-02,2547.04,2595.2695939779283,-0.024648179347863633,-0.005889649
2022-03-06,2543.39,2533.440830621719,-0.0014340637728170996,-0.0053535136
2022-03-07,2544.93,2532.3915754401683,0.0006053078607561103,-0.004333669
2022-03-09,2514.58,2535.2159465914965,-0.011997353118574142,-0.0038243537
2022-03-10,2566.9,2505.799542018175,0.020593153556403128,-0.0034979023
2022-03-13,2667.97,2569.4789538860323,0.03861893846189097,0.0010041984
2022-03-14,2668.11,2671.748396081924,5.247297642931784e-05,0.0014151069
2022-03-15,2650.97,2667.2305544292926,-0.006444745830265983,-0.00032966287
2022-03-16,2631.32,2647.276039294004,-0.007439989338402954,-0.0013944467
2022-03-20,2616.58,2628.59915886879,-0.0056174998615220965,-0.0010346237
2022-03-21,2634.65,2615.3959492397307,0.006882224287931142,-0.00045264576
2022-03-22,2650.7,2642.1639244318008,0.006073410213291814,0.002847905
2022-03-23,2630.36,2658.2154601097104,-0.007703037108362166,0.002831266
2022-03-24,2613.67,2629.9484481072427,-0.0063653550240527655,-0.00015642215
2022-03-27,2572.23,2611.393174867034,-0.01598213697784271,-0.0008714768
2022-03-28,2541.84,2566.560342686176,-0.011884998728165065,-0.0022065586
2022-03-29,2527.58,2536.078549976349,-0.005625904979934229,-0.0022693
2022-03-30,2568.25,2523.269595259428,0.015962409872783734,-0.0017067184
2022-03-31,2544.3,2570.769384533167,-0.009369170060608903,0.0009804837
2022-04-03,2513.41,2537.228311032057,-0.012215166188329154,-0.0027833798
2022-04-04,2497.47,2505.8917394703626,-0.006362177408883295,-0.0029957464
2022-04-05,2452.06,2482.505766854882,-0.01834973186127628,-0.006009744
2022-04-06,2428.75,2437.1832598257065,-0.009551765885625603,-0.006085526
2022-04-07,2464.31,2420.976710319519,0.01453512773644548,-0.003205729
2022-04-11,2419.71,2462.7060232019426,-0.018264151168859735,-0.00065108127
2022-04-12,2385.02,2408.3985025745633,-0.014440188227719428,-0.004685727
2022-04-13,2415.24,2377.898297153711,0.012591150999390293,-0.0029904593
2022-04-17,2385.64,2409.4097833085057,-0.01233122889071342,-0.002416815
2022-04-18,2343.87,2371.163246362209,-0.01766402273214763,-0.006086764
2022-04-19,2357.24,2332.3646900618073,0.005688033697328838,-0.0049207723
2022-04-20,2320.51,2350.6456578779216,-0.015704454017355325,-0.0028013885
2022-04-21,2325.45,2313.2110754817727,0.0021265795924616665,-0.0031504105
2022-04-24,2420.91,2325.9140583157537,0.040229933845391,0.0001996296
2022-04-25,2386.01,2422.348357286453,-0.014520987761956403,0.0005939122
2022-04-26,2370.99,2382.3615579378607,-0.006314925337096259,-0.0015302224
2022-04-27,2376.17,2368.084843302369,0.002182358317770606,-0.0012260025
2022-04-28,2356.17,2376.5603343987464,-0.0084525283793014,0.00016428354
2022-05-02,2307.44,2351.994336850047,-0.02089873449319032,-0.0017738022
2022-05-04,2275.68,2303.8320668649676,-0.013859776050179932,-0.0015648907
2022-05-05,2238.62,2271.065761127472,-0.016419304251384378,-0.0020297186
2022-05-08,2256.57,2235.078443877697,0.007986356708829249,-0.001583287
2022-05-09,2268.84,2257.8243661487104,0.005422726368475254,0.00055571547
2022-05-10,2313.0,2269.4060870218277,0.019276695583601237,0.0002495059
2022-05-11,2369.06,2316.277339696884,0.02394786874887375,0.0014158972
2022-05-12,2350.42,2372.8607270669936,-0.007899216406977808,0.0016031322
2022-05-17,2265.52,2344.866456478834,-0.036789722431836355,-0.0023656257
2022-05-18,2274.42,2261.6662214422226,0.003920761684592045,-0.0017024793
2022-05-19,2250.91,2276.2753562235835,-0.010390495948789108,0.0008153901
2022-05-20,2235.09,2247.7382125407457,-0.007053083184009013,-0.0014101176
2022-05-23,2200.88,2231.9434355932476,-0.015424215325558372,-0.0014088264
2022-05-24,2217.19,2197.708003025055,0.007383347974708206,-0.0014423556
2022-05-25,2231.57,2219.4078222286703,0.006464745269166348,0.0009997328
2022-05-26,2239.6,2232.924593567848,0.0035919048631295235,0.000606836
2022-05-27,2223.78,2235.519860959053,-0.007088827860565734,-0.001823503
2022-05-30,2173.44,2211.0404508912566,-0.022897284811354005,-0.0057452302
2022-05-31,2137.92,2167.316437225342,-0.016477772065705935,-0.0028214806
2022-06-01,2130.71,2127.8270372772217,-0.003378136243521392,-0.0047321348
2022-06-02,2112.47,2120.346274645329,-0.008597378546532058,-0.004875795
2022-06-03,2078.7,2099.3196437788006,-0.01611518064561394,-0.0062445914
2022-06-06,2065.82,2067.6772209227083,-0.006215456296447199,-0.0053168656
2022-06-07,2020.23,2048.7912723064424,-0.022315875705324582,-0.008277169
2022-06-08,2080.44,2009.5636311936378,0.02936804348612316,-0.0052937935
2022-06-09,2062.8,2074.278122842312,-0.008515126608992672,-0.0029662114
2022-06-10,2048.16,2049.95933675766,-0.007122454069004532,-0.0062442543
2022-06-13,2032.34,2037.5313620853422,-0.007753990571685512,-0.005202811
2022-06-14,1996.26,2021.3486430370806,-0.01791240862682761,-0.005422947
2022-06-15,1966.37,1983.7840413236618,-0.015086226519834461,-0.0062692906
2022-06-16,1978.94,1956.6430576592684,0.006372144410906287,-0.0049589495
2022-06-17,1971.36,1977.664091411829,-0.003837687924000141,-0.0006449096
2022-06-19,1934.11,1961.3145008468628,-0.019076387541563697,-0.005108814
2022-06-20,1884.81,1923.8789584326744,-0.02582025228888507,-0.005303839
2022-06-21,1924.74,1873.3514194607735,0.020963873618820544,-0.006097958
2022-06-22,1893.53,1919.1613430893422,-0.016348081772657366,-0.0029025958
2022-06-23,1848.28,1878.475518606305,-0.024187335016189176,-0.007982312
2022-06-24,1862.06,1836.1588676691056,0.00742792485764795,-0.006579688
2022-06-26,1956.98,1864.44245606184,0.04971906688625585,0.0012786466
2022-06-27,1933.13,1959.6451071929932,-0.0122620176981852,0.0013608955
2022-06-28,1921.31,1929.908119739294,-0.006133205888247457,-0.0016680612
2022-06-29,1962.71,1918.9408309268952,0.02131892626786269,-0.0012338102
2022-06-30,2037.64,1969.4233948838712,0.0374661041097046,0.003414617
2022-07-01,2028.77,2048.2659062051775,-0.004362577343590837,0.0052012773
2022-07-03,2086.38,2030.1228990006446,0.028000808729487403,0.0006665731
2022-07-04,2076.67,2099.9355127573012,-0.004664857548280876,0.006476117
2022-07-05,2030.59,2081.7573242020608,-0.022439258046353334,0.0024467548
2022-07-06,2043.92,2035.662234017849,0.0065431414122140725,0.002494859
2022-07-07,2027.32,2050.2547668743136,-0.008154808850777732,0.003094526
2022-07-08,1992.61,2027.1394684934614,-0.017269386596753353,-8.9066845e-05
2022-07-11,1915.61,1990.7018602788448,-0.03940922741552567,-0.0009580989
2022-07-12,1927.28,1913.7339206844567,0.006073572688177518,-0.0009798092
2022-07-13,1986.82,1929.5811727905273,0.0304256881815042,0.0011933501
2022-07-14,2001.53,1989.989255068302,0.007376517457706009,0.0015938344
2022-07-15,2009.46,2002.5519279515743,0.003954141163293929,0.0005103631
2022-07-17,2011.39,2010.688872513771,0.0009599960944690563,0.00061146746
2022-07-18,2029.43,2011.7652500236036,0.00892894009361991,0.00018653498
2022-07-19,2045.63,2033.6317865467072,0.007950845063103607,0.002068369
2022-07-20,2050.59,2049.1378987538815,0.0024217461094080545,0.0017133257
2022-07-21,2044.72,2054.2410958957676,-0.002866695815429981,0.0017788872
2022-07-22,2017.46,2045.47294257164,-0.013421566357605505,0.00036828805
2022-07-24,2078.51,2019.1422973132135,0.02981199641342617,0.0008335461
2022-07-25,2132.96,2089.4365010333063,0.02585939552235252,0.0052430346
2022-07-26,2088.16,2140.1746185684206,-0.02122739094614943,0.0033767663
2022-07-27,2111.99,2088.882389259338,0.011347335547240312,0.0003459374
2022-07-28,2127.42,2121.32206335783,0.007279346953856292,0.004408875
2022-07-29,2140.39,2135.4363024401664,0.006078077482000829,0.0037610396
2022-07-31,2195.1,2152.209005631208,0.025239548155779133,0.0055066813
2022-08-01,2196.25,2208.0168660879135,0.0005237569432130693,0.0058672675
2022-08-02,2193.43,2203.377608060837,-0.0012848318729094333,0.00324011
2022-08-03,2186.77,2197.6818812692163,-0.003040959377345762,0.0019366103
2022-08-04,2148.16,2187.0958541226387,-0.01781390750066511,0.00014896646
2022-08-05,2113.3,2145.955785999298,-0.016360954982280126,-0.0010265918
2022-08-07,2123.82,2112.6278641223907,0.004965647239886032,-0.0003180624
2022-08-08,2106.15,2127.505274591446,-0.008354717779231654,0.0017337201
2022-08-09,2062.8,2102.361564856768,-0.020797353051957058,-0.0018004287
2022-08-10,2056.88,2057.88952460289,-0.0028740116100787823,-0.0023832596
2022-08-11,2037.92,2046.7700690412523,-0.009260591725275819,-0.0049272883
2022-08-14,2010.01,2025.5086111354829,-0.01378998267632576,-0.0061087646
2022-08-15,2065.89,2003.849698780179,0.02742142911539542,-0.0030695177
2022-08-16,2041.06,2061.676879876256,-0.012091845548529809,-0.002041472
2022-08-17,2040.7,2034.6154819476603,-0.00017639449694905782,-0.0031624425
2022-08-18,2068.26,2038.8724311411381,0.013414787829003098,-0.00089604064
2022-08-21,2060.55,2069.2807410335545,-0.0037347366247192804,0.0004933355
2022-08-22,2053.13,2056.962353155017,-0.003607479457289537,-0.0017426674
2022-08-23,2054.95,2050.56438539207,0.0008860587520560986,-0.0012503159
2022-08-24,2057.85,2055.0112422823904,0.001410231706193106,2.9699127e-05
2022-08-25,2039.55,2058.4009771227834,-0.00893255317047888,0.0002676505
2022-08-26,2022.62,2037.4496929317713,-0.008335494587990938,-0.0010303571
2022-08-28,1989.26,2018.3711903846263,-0.01663099041657116,-0.0021029087
2022-08-29,1993.02,1986.0249597024917,0.00188836602013085,-0.0016275326
2022-08-30,1995.21,1993.3060541439056,0.001098231656707651,0.00014349195
2022-08-31,1973.38,1992.9679299134016,-0.011001499363115615,-0.0011242928
2022-09-01,1972.29,1967.3718368816376,-0.0005525044049441848,-0.0030493366
2022-09-02,1970.62,1968.0215994733571,-0.0008470901440107241,-0.0021665564
2022-09-04,1977.3,1967.4920906615257,0.0033840636967733804,-0.001588536
2022-09-05,1973.01,1975.5098812043666,-0.0021719822932927207,-0.00090571016
2022-09-06,1951.79,1967.4666623944045,-0.010813395215021447,-0.0028134673
2022-09-07,1939.88,1945.2214509046078,-0.006120784744339768,-0.003371087
2022-09-08,1937.74,1935.083261268139,-0.0011037699502607068,-0.0024757804
2022-09-11,1926.28,1933.4389586436748,-0.005931663708420785,-0.0022220213
2022-09-12,1912.74,1919.9417397594452,-0.007053912791914949,-0.0032958398
2022-09-13,1934.04,1908.6890610551834,0.011074310299093715,-0.00212018
2022-09-14,1981.48,1938.0415218544006,0.024232960893310826,0.0020668264
2022-09-15,1924.48,1983.0559986114501,-0.029188238855828417,0.0007950695
2022-09-16,1910.38,1920.7245765304565,-0.007353626228352298,-0.0019533439
2022-09-18,1876.41,1906.0107893407346,-0.017941798337572937,-0.002289731
2022-09-20,1837.6,1869.6085067528486,-0.020900004419295917,-0.0036313774
2022-09-21,1848.82,1832.8878220558165,0.006087225354550417,-0.0025675886
2022-09-22,1838.96,1848.295235888958,-0.005347403313277247,-0.0002838181
2022-09-25,1815.13,1831.8480285835267,-0.013043103937830288,-0.0038748672
2022-09-27,1831.05,1810.5910974258186,0.008732482305586967,-0.002503723
2022-09-28,1837.46,1831.0119104593991,0.0034946103586486637,-2.0801765e-05
2022-09-29,1853.76,1833.1287670576573,0.008831825765692372,-0.0023599698
2022-10-09,1898.38,1856.5751331710815,0.02378488197027285,0.0015174728
2022-10-10,1871.22,1900.287068283558,-0.01441026633733708,0.0010040253
2022-10-11,1855.16,1868.876013994217,-0.008619678849995123,-0.0012533915
2022-10-12,1866.48,1853.327200267315,0.006083358363597793,-0.0009884106
2022-10-13,1870.63,1869.4254782295227,0.002220968452034952,0.0015768631
2022-10-16,1860.94,1872.143254067898,-0.005193536115115237,0.00080850517
2022-10-17,1858.33,1860.4945425987244,-0.001403501455089409,-0.00023932855
2022-10-19,1845.51,1857.603159416914,-0.00692257289550603,-0.00039124943
2022-10-20,1844.14,1843.9478762537242,-0.0007426178976112667,-0.00084678014
2022-10-23,1858.49,1843.9893006265165,0.007751285895973557,-8.170569e-05
2022-10-31,1874.87,1861.4561016607286,0.008774993628027028,0.0015946153
2022-11-01,1930.99,1880.5990247333048,0.029493501083689276,0.0030510696
2022-11-02,1938.3,1937.5198549330235,0.003778475481028971,0.003375924
2022-11-03,1922.16,1943.420364189148,-0.00836174654869292,0.0026382073
2022-11-06,1965.36,1921.765078368187,0.022225880946505804,-0.00020541906
2022-11-07,1958.94,1972.7700978469848,-0.0032719240259074015,0.0037632363
2022-11-08,1956.36,1959.2094865179063,-0.0013179068645717993,0.00013753798
2022-11-09,1917.22,1957.3089570665359,-0.020209383628673874,0.0004849345
2022-11-10,1893.7,1916.7656417369842,-0.012343632842029906,-0.00023699804
2022-11-13,1883.16,1892.4656174182892,-0.0055813704302297,-0.00065208494
2022-11-14,1904.45,1881.6332423830033,0.011242036125525531,-0.0008110879
2022-11-15,1897.86,1907.6320262908937,-0.003466317369405417,0.0016694807
2022-11-16,1911.26,1896.1069596612454,0.00703577481272829,-0.0009241151
2022-11-17,1936.83,1915.1166467785836,0.013289905563572154,0.0020158463
2022-11-22,1929.7,1940.103762770891,-0.0036880655687403087,0.0016888075
2022-11-23,1921.99,1927.7297231078148,-0.004003442799239238,-0.0010216379
2022-11-24,1933.55,1919.9866974776983,0.005996583949589951,-0.0010428498
2022-11-27,1965.98,1938.7689158320427,0.016633157162726737,0.0026955726
2022-11-28,1950.37,1971.633540556431,-0.007971750566889693,0.0028716254
2022-11-29,1953.35,1949.8803503203392,0.001526749141257957,-0.00025103972
2022-11-30,1949.85,1955.724913293123,-0.0017934007676180758,0.001215144
2022-12-01,1961.06,1950.326037597656,0.005732696840511204,0.00024410523
2022-12-04,1963.22,1966.73890042305,0.0011008389911691188,0.0028915708
2022-12-05,1938.76,1963.8547003746032,-0.012537388913766923,0.00032323258
2022-12-06,1933.88,1937.2024944353104,-0.0025202459216450263,-0.0008036251
2022-12-07,1917.28,1933.0603276133538,-0.008620832584199586,-0.00042400218
2022-12-11,1885.31,1914.3546914482117,-0.01681525134011754,-0.0015269495
2022-12-12,1902.27,1881.9053157913684,0.008955646272432475,-0.0018074508
2022-12-13,1899.7,1903.6714278173447,-0.0013519309155179756,0.00073651504
2022-12-14,1897.08,1897.3290572702886,-0.0013801170549069008,-0.0012488763
2022-12-15,1882.6,1894.210049021244,-0.007662061782976791,-0.0015140583
2022-12-18,1855.06,1876.2390551209448,-0.014736759581195913,-0.0033845454
2022-12-19,1858.89,1848.6525679242611,0.0020624948411788985,-0.0034599444
2022-12-20,1873.11,1857.9208457118273,0.0076206156577524435,-0.000521411
2022-12-21,1867.22,1873.486693793535,-0.0031494573305643893,0.00020102748
2022-12-22,1867.21,1863.30163746953,-5.355569658591966e-06,-0.0021007454
2022-12-26,1924.09,1868.3955078291892,0.030007790547761492,0.00063469395
2022-12-27,1983.95,1929.9685084021091,0.030636678235954857,0.0030506654
2022-12-28,1972.15,1989.750528252125,-0.005965488735834508,0.0029194702
2022-12-29,2029.03,1974.3307746171952,0.028433528146668448,0.0011051446
2023-01-01,2046.26,2040.7790414643287,0.008455890336613934,0.00577383
2023-01-02,2064.09,2062.3042184185983,0.00867571464016421,0.007810167
2023-01-03,2061.06,2080.0478910899164,-0.0014690377537366394,0.007701493
2023-01-04,2125.84,2073.952730526924,0.030946604819803342,0.006235846
2023-01-05,2143.93,2147.2689313030246,0.00847357503593503,0.0100297835
2023-01-08,2164.61,2165.6787825405595,0.009599613237597707,0.010093285
2023-01-09,2211.76,2186.437224574089,0.021548372018371585,0.010033106
2023-01-10,2190.42,2230.1103714179994,-0.009695272415058588,0.008262402
2023-01-12,2149.39,2194.1062086224556,-0.018909225309795247,0.0016814781
2023-01-17,2182.11,2152.7050682234762,0.015108217652900293,0.0015412342
2023-01-18,2173.1,2192.5367019188407,-0.004137579062287763,0.0047669755
2023-01-19,2178.81,2174.4732437014577,0.0026241366556902907,0.00063170434
2023-01-23,2165.1,2185.280503177643,-0.006312306435043559,0.0029653015
2023-01-24,2173.25,2164.9873393356797,0.0037571932128366275,-5.19878e-05
2023-01-25,2183.62,2178.5814342200756,0.0047603070931478255,0.0024502093
2023-01-26,2183.21,2187.877854502201,-0.0001877792362902434,0.0019479832
2023-01-29,2168.53,2182.864506292939,-0.006746752188530474,-0.00015823655
2023-01-30,2127.52,2165.3900213950874,-0.019092536519105117,-0.0014489748
2023-01-31,2111.68,2124.7024069690706,-0.007473142913339018,-0.0013252385
2023-02-01,2116.65,2107.7799180984493,0.0023508109768226025,-0.0018486528
2023-02-02,2094.54,2115.229540112615,-0.010500691330479926,-0.00067135604
2023-02-05,2096.08,2088.702904161215,0.00073497481008736,-0.0027907328
2023-02-06,2100.7,2094.113880534172,0.00220168885014783,-0.0009383964
2023-02-07,2177.34,2102.536601948738,0.035833325765280956,0.00087383215
2023-02-08,2170.21,2180.735812418461,-0.003280011221182166,0.0015584622
2023-02-09,2182.61,2169.0350722032786,0.005697471314320718,-0.0005414496
2023-02-12,2121.75,2184.2033875608445,-0.028280188510267847,0.0007297005
2023-02-14,2105.46,2119.0152958631516,-0.007707249291005947,-0.0012898193
2023-02-15,2091.56,2102.721569341421,-0.006623771543182709,-0.0013015576
2023-02-16,2070.41,2087.849669947624,-0.010163543736136517,-0.0017754753
2023-02-20,2046.81,2066.8718250662087,-0.011464171685258944,-0.0017103491
2023-02-22,2080.38,2044.3234085762501,0.01626808572264642,-0.0012155407
2023-02-23,2022.64,2080.451920180321,-0.028146980519066885,3.4468703e-05
2023-02-26,2027.19,2013.114171819687,0.002247008844534558,-0.0047206758
2023-02-27,2023.54,2021.5041055208444,-0.0018021447925929469,-0.0028086763
2023-02-28,2019.93,2013.5985243403911,-0.0017855955202646578,-0.0049249926
2023-03-01,1995.49,2013.3926722848416,-0.01217322312859623,-0.0032416938
2023-03-02,1967.4503,1985.173817049265,-0.014151193711201906,-0.005183165
2023-03-05,1938.25,1955.6826899713694,-0.01495293639059222,-0.005999108
2023-03-07,1952.66,1930.6648474931717,0.007407041480155683,-0.003921136
2023-03-09,2002.7,1953.4179160881042,0.025303724532153817,0.00038801253
2023-03-12,1975.89,2002.2769519329072,-0.013477340369280543,-0.00021123631
2023-03-13,1951.21,1971.6211102849245,-0.012569236802269254,-0.0021629112
2023-03-14,1953.06,1946.9233711469174,0.0009476804311467812,-0.0021993823
2023-03-15,1938.62,1950.1605400764943,-0.007420993642275673,-0.0014857104
2023-03-16,1933.31,1932.5592472732067,-0.0027428199006459134,-0.0031312043
2023-03-19,1926.4,1930.0689213216303,-0.0035805837135512433,-0.0016779288
2023-03-20,1949.06,1923.9254627227783,0.011694228937167931,-0.0012854014
2023-03-22,1933.29,1952.0403028845788,-0.00812399022956506,0.0015278386
2023-03-23,1915.14,1930.725142468214,-0.009432487829940104,-0.0013276341
2023-03-26,1888.27,1908.7364579236507,-0.014129661036879479,-0.0033492167
2023-03-27,1906.0,1884.069421492815,0.009345739258862343,-0.0022271043
2023-03-28,1918.1,1908.9455881118774,0.006328307513494981,0.0015443433
2023-03-29,1919.42,1920.4759576201438,0.0006879443244906398,0.0012379265
2023-03-30,1908.55,1918.1424243199826,-0.005679265624749041,-0.00066577736
2023-04-02,1888.55,1904.4005469679832,-0.01053445258617189,-0.0021765253
2023-04-03,1871.88,1885.0203694701195,-0.008866065422434224,-0.0018707062
2023-04-04,1866.68,1866.1600002121927,-0.0027818215320139987,-0.0030604634
2023-04-05,1875.07,1863.499886698723,0.004484540154209305,-0.0017050146
2023-04-06,1866.79,1876.0412194383143,-0.004425613739891357,0.00051779504
2023-04-09,1838.48,1863.4680534118413,-0.015281235052431128,-0.0017810642
2023-04-10,1844.02,1833.6406420421602,0.003008827796056105,-0.002635708
2023-04-11,1871.33,1844.2132255721092,0.014701436946292196,0.000104866434
2023-04-12,1963.55,1876.7213955020904,0.04810465143419181,0.0028768934
2023-04-13,1934.47,1967.9016585886477,-0.014920672288045358,0.0022138527
2023-04-16,1931.68,1934.1868148565293,-0.0014432965530680004,-0.00014634103
2023-04-17,1908.04,1932.3424988746644,-0.01231355343500765,0.00034289766
2023-04-18,1904.98,1907.6417243814467,-0.0016050273310439333,-0.00020876396
2023-04-19,1920.12,1905.6167640399933,0.007916174250757942,0.00033414311
2023-04-20,1904.4,1925.4473287868498,-0.008220685748419766,0.0027706078
2023-04-23,1885.6,1903.9696794748306,-0.009920925698442449,-0.00022592639
2023-04-24,1888.32,1885.2436096668243,0.0014414722468825492,-0.00018896634
2023-04-25,1905.68,1890.7765739822387,0.00915135537915965,0.0013001544
2023-04-26,1892.0,1906.9117415428161,-0.007204429636140068,0.0006462671
2023-04-27,1889.73,1889.0590193271637,-0.0012005089060462598,-0.0015556208
2023-04-30,1870.65,1887.3291490513086,-0.010147997670911466,-0.0012711935
2023-05-02,1866.4,1867.665160292387,-0.002274522327645652,-0.001596911
2023-05-03,1857.23,1862.866823577881,-0.004925311342789843,-0.0018948034
2023-05-04,1869.73,1853.887981055975,0.006707905032942395,-0.0018010954
2023-05-07,1850.61,1870.4109264600277,-0.010278720944173416,0.00036411942
2023-05-08,1833.69,1846.4990447562932,-0.009184984367714366,-0.0022238947
2023-05-09,1844.36,1830.259731196761,0.005802003742320226,-0.0018724382
2023-05-10,1841.93,1844.5923971414566,-0.0013183989062067521,0.00012591368
2023-05-11,1838.59,1839.156655856967,-0.0018149614276535147,-0.0015067676
2023-05-14,1821.64,1834.9259083741902,-0.009261779267893466,-0.0019948138
2023-05-15,1818.31,1817.4580018520355,-0.0018296959733024708,-0.0022984133
2023-05-16,1821.6,1814.6878413230181,0.0018077374967804837,-0.0019939966
2023-05-17,1845.01,1822.0438579559325,0.01276946176460995,0.00024360402
2023-05-18,1877.32,1848.928712517023,0.01736053035768033,0.002121736
2023-05-21,1883.2,1882.7183584690094,0.003127229634192229,0.0028714223
2023-05-22,1891.31,1887.296583557129,0.004297253142895024,0.002173009
2023-05-23,1942.63,1898.1933463549612,0.026773014420503807,0.0036329136
2023-05-24,1959.12,1951.2885275018216,0.008452667741799084,0.004447182
2023-05-28,1941.74,1967.0049565315246,-0.008910914518277274,0.0040166466
2023-05-30,1888.61,1941.522993644476,-0.027743369550522725,-0.00011176986
2023-05-31,1849.79,1887.8911284387111,-0.02076898962669973,-0.00038070846
2023-06-01,1866.34,1849.2828220510482,0.008907174625133659,-0.00027416777
2023-06-04,1919.37,1871.8255917739868,0.02801771343619628,0.0029349376
2023-06-05,1901.99,1923.3281276929376,-0.009096300709080341,0.002060131
2023-06-06,1927.65,1901.4928837829827,0.013400937953299705,-0.00026144524
2023-06-07,1932.33,1933.4497653901578,0.0024248842186872484,0.0030042562
2023-06-08,1939.61,1934.5646417105197,0.0037603932801659914,0.0011556869
2023-06-11,1980.09,1942.8091534185407,0.020655376280895563,0.0016480653
2023-06-12,1987.87,1986.078228703737,0.003921415523212368,0.0030197187
2023-06-13,2020.64,1998.2022410428524,0.01635057917363856,0.0051842527
2023-06-14,2037.06,2034.245090122223,0.008093298976154987,0.006710448
2023-06-15,2042.07,2048.3047858285904,0.0024564073805779883,0.0055050077
2023-06-18,2094.33,2050.871345926523,0.025269693882606668,0.004300802
2023-06-19,2091.39,2109.6615914833546,-0.001404776470228405,0.007293861
2023-06-20,2064.83,2096.4702533662316,-0.012781018115887804,0.00242613
2023-06-21,2050.78,2066.136793984175,-0.006827689980880236,0.00063268543
2023-06-22,2055.53,2051.8791462326053,0.0023135136502780386,0.00053579104
2023-06-25,2117.73,2065.351133899689,0.02981103806122263,0.0047666277
2023-06-26,2129.42,2130.087831147909,0.00550488187177913,0.005818461
2023-06-27,2186.36,2141.3751616096497,0.026388418379007624,0.005598479
2023-06-28,2150.99,2195.64197368145,-0.016309859276032058,0.004236406
2023-07-02,2097.29,2150.3942128008603,-0.02528216611686908,-0.00027702033
2023-07-03,2075.97,2094.9514711266756,-0.010217520825276983,-0.0011156559
2023-07-04,2088.7,2074.5168273353574,0.006113348546959061,-0.0007002453
2023-07-05,2049.44,2091.922709190845,-0.018975277778445328,0.0015417433
2023-07-06,2049.38,2047.7647506523133,-2.927671866746098e-05,-0.0008177586
2023-07-09,2077.76,2049.7628261446953,0.013753081955963553,0.00018668848
2023-07-10,2076.96,2080.7117013931274,-0.00038510417543764064,0.0014195582
2023-07-11,2072.24,2075.194538640976,-0.0022751383572706006,-0.0008504104
2023-07-12,2097.55,2068.475135350227,0.012139849172093901,-0.0018184542
2023-07-13,2084.93,2099.262324905396,-0.006034715431683292,0.00081593794
2023-07-16,2097.09,2083.2396588933466,0.005815387908060732,-0.00081104354
2023-07-17,2144.16,2102.9428269624714,0.02219719783603303,0.0027870275
2023-07-18,2154.07,2149.935623245239,0.004611208595114935,0.0026900035
2023-07-19,2165.24,2161.8821747505667,0.005172133929114895,0.0036200604
2023-07-20,2163.92,2173.1956736087795,-0.0006098180898402338,0.0036676282
2023-07-23,2227.16,2170.4115474414825,0.028805839502399126,0.0029954475
2023-07-24,2200.5,2236.2142837953566,-0.012042623957560788,0.0040571433
2023-07-25,2164.31,2200.5776467323303,-0.016583003309788322,3.5306013e-05
2023-07-26,2156.2,2164.0492850810288,-0.0037541908363402606,-0.00012051424
2023-07-27,2126.48,2155.747482717037,-0.013879382581351254,-0.0002098522
2023-07-30,2100.34,2124.6699105978014,-0.012368794155408522,-0.0008515605
2023-07-31,2106.18,2097.776984728575,0.002776643758773537,-0.0012210817
2023-08-01,2077.58,2106.811456696987,-0.013672125316933731,0.00029979297
2023-08-02,2086.84,2073.4720740282537,0.004447205258709103,-0.0019791862
2023-08-03,2089.84,2088.097784729004,0.001436547935641373,0.0006025759
2023-08-06,2051.47,2080.1664710569385,-0.018530898675389693,-0.0046395985
2023-08-07,2048.26,2040.108864033818,-0.0015659571025257266,-0.005553457
2023-08-08,2019.85,2038.7149651396276,-0.013967401014243817,-0.0046709403
2023-08-09,2060.91,2014.9957767486571,0.020124381602419427,-0.002406198
2023-08-10,2066.05,2061.172877190113,0.0024909389273036794,0.00012748946
2023-08-13,2080.86,2066.6975025951865,0.007142698040144808,0.00031336411
2023-08-14,2077.24,2083.0724278950693,-0.001741180305700062,0.001062647
2023-08-15,2045.44,2075.216645464897,-0.015427164218710678,-0.00097448705
2023-08-16,2025.12,2041.176293334961,-0.009983967213607656,-0.0020866508
2023-08-17,2033.13,2021.6514970493315,0.003947519448821375,-0.0017142087
2023-08-20,2011.14,2034.7914325225354,-0.010874752037548374,0.00081684144
2023-08-21,1998.28,2007.4902180826664,-0.006414914925484415,-0.0018164717
2023-08-22,2015.98,1996.3584504866599,0.008818618977201919,-0.00096209755
2023-08-23,2045.45,2018.5507409453392,0.014512384662320858,0.0012743371
2023-08-24,2013.93,2047.1451523303986,-0.015529777198048619,0.0008284052
2023-08-27,1993.38,2009.104168714285,-0.010256346597637642,-0.0023991053
2023-08-28,1998.48,1989.0007275366784,0.0025552012219102658,-0.0021993672
2023-08-29,1993.42,1998.7968557167053,-0.0025351350033884345,0.0001585769
2023-08-30,1990.59,1991.3156305015088,-0.001420679403911896,-0.0010562
2023-09-03,1960.78,1985.9774244189261,-0.015088723944890522,-0.0023198815
2023-09-04,1967.83,1956.2637309396266,0.003589059523745195,-0.0023058972
2023-09-05,1961.37,1969.4052289831639,-0.0032882041232887307,0.00080020283
2023-09-07,1932.45,1956.9252049040792,-0.014854580738295627,-0.002268753
2023-09-10,1942.68,1927.4891835540534,0.005279835135771383,-0.0025704443
2023-09-11,1986.99,1945.2492095661164,0.02255246778510573,0.0013216138
2023-09-12,1967.57,1989.7532981944084,-0.009821652022995639,0.0013897781
2023-09-13,2007.06,1965.9422048044205,0.01987168591217375,-0.000827669
2023-09-17,1964.91,2009.2511448812484,-0.021224521987976697,0.0010910933
2023-09-18,1969.18,1962.5660051000118,0.0021707696960529014,-0.0011937306
2023-09-19,1985.43,1971.8020966100694,0.008218302922915076,0.0013306075
2023-09-21,2029.78,1991.0114278435708,0.022091897431978483,0.002807172
2023-09-24,2010.35,2035.455858194828,-0.009618576531069524,0.0027924718
2023-09-25,2004.45,2009.8792028695343,-0.0029391273524194475,-0.00023419414
2023-09-26,2022.91,2004.3900237858295,0.009167359899339702,-2.9909184e-05
2023-09-27,2004.3,2027.128913370371,-0.009242196194977993,0.0020834468
2023-10-01,1971.1,2002.891022837162,-0.016703110066657544,-0.0007031536
2023-10-02,1976.29,1968.81535333395,0.0026295871401709405,-0.0011597389
2023-10-03,1958.72,1978.5450878381728,-0.008930151010349708,0.0011405144
2023-10-04,1967.97,1957.2932127952577,0.004711355930865188,-0.00072871934
2023-10-05,1956.92,1970.4602822434902,-0.005630745929328686,0.0012645876
2023-10-08,1921.24,1951.538860049248,-0.018400997769679198,-0.0027535711
2023-10-09,1908.66,1916.5011473989487,-0.006569385750390358,-0.0024696281
2023-10-10,1889.59,1901.2974704110622,-0.010041550840395156,-0.0038648292
2023-10-11,1894.76,1880.8893480509519,0.0027323071155611277,-0.0046151113
2023-10-12,1874.6,1889.1608343648911,-0.010696878106952716,-0.0029594025
2023-10-16,1851.43,1865.9745151996613,-0.01243698985679238,-0.004611921
2023-10-17,1864.62,1845.116988591552,0.007098965510582211,-0.0034156295
2023-10-18,1907.89,1864.862952067852,0.022940640388502406,0.0001301922
2023-10-19,1903.84,1908.0708133780956,-0.0021250201478343763,9.4767856e-05
2023-10-29,1875.65,1899.5488405132294,-0.014917633210670626,-0.0022564651
2023-10-30,1878.7,1872.3357645362616,0.001624782277080701,-0.0017685437
2023-10-31,1864.4,1877.9594812452794,-0.0076407627746673664,-0.00039428906
2023-11-01,1858.56,1861.1728748321534,-0.003137291182318806,-0.0017323795
2023-11-02,1847.7,1854.9924792480467,-0.00586037195515984,-0.0019213079
2023-11-05,1826.23,1844.0835017323495,-0.011687889759313664,-0.0019592126
2023-11-06,1847.54,1824.3577492046356,0.011601291865753196,-0.0010257276
2023-11-07,1858.76,1850.2886442565919,0.006054574251996273,0.0014865795
2023-11-08,1863.94,1860.1920809698104,0.002782928166719698,0.0007701008
2023-11-09,1852.08,1864.4819432711602,-0.006383195068805721,0.00029076176
2023-11-20,1853.48,1850.1427207803727,0.0007556213185658414,-0.0010464595
2023-11-21,1829.65,1852.3498303461074,-0.012940261423077583,-0.0006100342
2023-11-22,1850.33,1827.3167546182872,0.011239309830272033,-0.0012759857
2023-11-23,1860.2,1853.2047738468646,0.005320007265149124,0.0015524228
2023-11-26,1907.95,1865.5420326709748,0.025345358405762634,0.0028677224
2023-11-27,1896.67,1913.8833672106266,-0.005929650294162366,0.0031050525
2023-11-28,1894.53,1896.1891968971493,-0.001128930273941206,-0.0002535155
2023-11-29,1876.6,1893.973290656805,-0.00950915779007646,-0.00029388265
2023-11-30,1858.53,1875.169274508953,-0.009675776198883556,-0.0007626388
2023-12-03,1851.23,1857.0767162686586,-0.003935569644556646,-0.00078224175
2023-12-04,1847.81,1849.5900985848905,-0.0018491289493999476,-0.0008862292
2023-12-05,1837.71,1846.6963940888643,-0.005480922791946351,-0.0006028202
2023-12-06,1841.04,1835.6129322892427,0.001810398047987881,-0.0011417946
2023-12-07,1852.77,1842.4698409938812,0.006351187218593863,0.0007763684
2023-12-10,1963.98,1858.1620357239246,0.05829121002542769,0.0029059893
2023-12-11,1948.57,1970.0157337474823,-0.007877256359130906,0.0030685381
2023-12-12,1985.44,1949.0357367289066,0.018744781822268422,0.00023888952
2023-12-13,1988.04,1992.766282234192,0.0013086767121367447,0.0036832017
2023-12-14,1994.6,1995.0402943897247,0.0032943002293212686,0.003515042
2023-12-17,2022.35,2005.117257118225,0.01381667257788398,0.0052589756
2023-12-18,2060.49,2037.1081312179565,0.018683617030470487,0.007270987
2023-12-19,2106.48,2080.9904877912995,0.022074489375849684,0.009900235
2023-12-20,2141.87,2127.4428284454348,0.016660971270908452,0.009902299
2023-12-21,2109.1,2163.3106380224226,-0.015417963031311537,0.009960459
2023-12-24,2088.07,2110.9411802411078,-0.010021121846771864,0.00087264884
2023-12-27,2070.84,2089.8076919591426,-0.008285872297309045,0.0008319322
2023-12-28,2068.9,2071.431978349686,-0.0009372569977902676,0.0002857374
2024-01-01,2060.15,2071.318967628479,-0.004238269383012576,0.0011685013
2024-01-02,2030.1,2059.490961870551,-0.014693742760395596,-0.00031988946
2024-01-03,2058.0,2029.7886582791805,0.013649584487705407,-0.00015333047
2024-01-04,2049.28,2061.1986479759216,-0.004246125465754281,0.0015530345
2024-01-07,2022.92,2044.739322052002,-0.012946499772284995,-0.0022181582
2024-01-08,2059.49,2018.3166713094713,0.01791636716092856,-0.0022781293
2024-01-09,2080.12,2062.5161604475975,0.009967205022034607,0.0014683593
2024-01-10,2089.62,2084.1953808259964,0.004556646907190391,0.001957251
2024-01-11,2088.99,2093.391156928539,-0.0003015356804169406,0.0018030792
2024-01-14,2120.62,2090.5172826755042,0.0150278031745617,0.0007308498
2024-01-16,2175.17,2128.175109181404,0.025398323647665463,0.0035563998
2024-01-17,2163.06,2185.5109027576445,-0.005582936568546179,0.0047428543
2024-01-18,2155.82,2163.2539083480833,-0.0033527242164280765,8.960459e-05
2024-01-21,2130.18,2155.6890616738797,-0.011964678427739623,-6.0674465e-05
2024-01-22,2098.69,2129.7987132275102,-0.01489314263761534,-0.00017892978
2024-01-23,2098.29,2098.095064008236,-0.00019061325105730744,-0.00028354969
2024-01-24,2088.04,2098.276617742181,-0.004896900379375338,-6.327352e-06
2024-01-25,2084.09,2086.4094903826713,-0.001893517785973583,-0.0007812016
2024-01-28,2094.46,2083.209269961119,0.004963454446876385,-0.00042272967
2024-01-29,2104.72,2097.581987323761,0.004886678073847163,0.0014894566
2024-01-30,2119.61,2106.6855676460264,0.007049667836867274,0.0009334004
2024-01-31,2097.93,2120.8898100292686,-0.010280965188787876,0.0006037166
2024-02-01,2067.01,2093.2810259664057,-0.014848025690554668,-0.0022185252
2024-02-04,2061.7,2062.595622292757,-0.00257223342290954,-0.0021379462
2024-02-05,2076.27,2058.539103257656,0.007042129455942111,-0.0015343465
2024-02-06,2085.71,2078.568136585951,0.004536310212018286,0.0011062954
2024-02-07,2090.64,2088.9964707446097,0.002360914334263273,0.0015744832
2024-02-08,2096.38,2092.439893627167,0.0027418085396665503,0.00086062565
2024-02-11,2085.82,2098.4834753870964,-0.005049984430229067,0.0010029937
2024-02-12,2101.16,2084.2201915597916,0.007327509869511795,-0.0007673387
2024-02-13,2070.59,2102.8770252561567,-0.014655982355358815,0.0008168224
2024-02-14,2076.5,2068.3908363717796,0.0028501932684716386,-0.0010626095
2024-02-15,2062.03,2078.7748750448227,-0.00699284961816701,0.001094929
2024-02-18,2034.82,2059.3857881462577,-0.013283571576514643,-0.0012831892
2024-02-20,2033.06,2030.412391871214,-0.0008653156483572177,-0.0021685248
2024-02-21,2026.59,2030.9879462730885,-0.003187469598567413,-0.0010197047
2024-02-22,2005.83,2022.2137477594613,-0.010296637461157958,-0.0021617007
2024-02-25,1979.02,1999.4198434352875,-0.013456167502345504,-0.0032009238
2024-02-26,1992.3,1973.1642900395393,0.006687977549079253,-0.0029633043
2024-02-27,2001.64,1991.5542479038238,0.004677094310981229,-0.00037446228
2024-02-28,2000.77,2001.5567236852646,-0.00043473807715973276,-4.157123e-05
2024-02-29,1972.09,1996.080886120796,-0.01443821238221005,-0.0023463152
2024-03-03,1960.3,1965.9401252704859,-0.005996371330010333,-0.003123297
2024-03-04,2078.0,1959.658648854494,0.05830836992279402,-0.0003271319
2024-03-05,2007.69,2080.4699852466583,-0.03442108523587253,0.0011879205
2024-03-06,2017.03,2005.3597118657829,0.004641324994916971,-0.0011613248
2024-03-07,2030.55,2021.0094262051582,0.006680559881687823,0.0019710104
2024-03-10,2052.65,2036.2752131223679,0.010824948964143122,0.0028155346
2024-03-12,2111.24,2059.8829379737376,0.028143811316252817,0.0035175274
2024-03-13,2108.72,2119.0171457719803,-0.001194324258782576,0.0036768848
2024-03-14,2080.87,2109.741604309082,-0.013295052845575823,0.00048429568
2024-03-17,2070.25,2080.9818746244905,-0.005116702562132994,5.3764852e-05
2024-03-18,2073.53,2070.843290448189,0.0015830959582923566,0.00028653734
2024-03-19,2067.29,2074.1736672353745,-0.003013898079830583,0.00031033639
2024-03-20,2063.95,2067.2196413308384,-0.0016169482904448231,-3.4048324e-05
2024-03-21,2048.57,2063.276336967945,-0.007479633753841067,-0.00032639946
2024-03-25,2031.55,2047.0135366517306,-0.008342940267680421,-0.0007600392
2024-03-26,2041.7,2029.234399446845,0.004983745661849288,-0.0011404711
2024-03-27,2030.86,2042.048290526867,-0.005323445498466017,0.0001705408
2024-03-28,2035.64,2027.0597974610328,0.0023509171039040907,-0.0018730443
2024-03-31,2018.33,2035.7453175640107,-0.008539828957536083,5.172906e-05
2024-04-01,2012.07,2014.7489750486611,-0.0031063939231427626,-0.0017757611
2024-04-02,2010.21,2006.917262647748,-0.000924848659257136,-0.0025641595
2024-04-03,2006.78,2006.8821789515018,-0.001707746762428676,-0.0016568649
2024-04-04,2004.05,2002.7620659768581,-0.0013613144519203178,-0.0020041864
2024-04-07,2026.81,2002.0466925054789,0.011292995482204509,-0.001000174
2024-04-09,2036.01,2029.8985591781138,0.004528881774195517,0.0015227041
2024-04-10,2025.3,2038.3405139565468,-0.0052741725337726725,0.0011439372
2024-04-14,2023.35,2023.0020257234573,-0.0009632841321361408,-0.0011352733
2024-04-15,2006.52,2022.164009195566,-0.008352675321220315,-0.00058631983
2024-04-16,1991.71,2004.0333202171325,-0.007408312045487637,-0.0012400562
2024-04-18,1972.14,1987.952783678174,-0.009874318659651044,-0.0018882271
2024-04-21,1984.43,1969.3261191201211,0.006212471674954175,-0.0014278317
2024-04-22,1969.02,1986.2297674274446,-0.007795762204529429,0.00090649934
2024-04-24,1969.17,1966.272303586006,7.617712709271244e-05,-0.0013963865
2024-04-25,1965.93,1966.8610643434524,-0.001646718371657092,-0.0011732009
2024-04-28,1980.27,1963.1215814691782,0.007267783244969218,-0.0014295265
2024-04-29,1980.34,1981.432863972187,3.5348090323051184e-05,0.0005870349
2024-04-30,2006.28,1980.2688234102725,0.01301371391896287,-3.589967e-05
2024-05-02,1998.96,2008.8790301084518,-0.003655215742360264,0.0012945974
2024-05-05,1974.37,1996.21877805233,-0.012377685189028678,-0.0013723228
2024-05-06,1958.75,1971.6967442631721,-0.007942845435935509,-0.0013549315
2024-05-07,1960.81,1955.9889651089907,0.0010511384898677482,-0.0014106137
2024-05-08,1960.6,1960.52097212255,-0.00010710433247266586,-0.00014743982
2024-05-09,1966.23,1960.7752912998199,0.0028674548465949935,8.9393216e-05
2024-05-12,1974.5,1968.737535045147,0.004197198052483449,0.0012745201
2024-05-13,1998.89,1978.078933775425,0.012276824745870057,0.0018109076
2024-05-14,2027.51,2005.061852337122,0.014216412687321494,0.003082943
2024-05-15,2017.97,2031.55167440176,-0.004716383561006928,0.0019913886
2024-05-16,2018.76,2016.7969054049254,0.0003914059201806706,-0.000581525
2024-05-19,2064.45,2021.7349764347077,0.022380385574581777,0.0014725291
2024-05-20,2092.0,2075.0099743187425,0.013256699091162378,0.0051020742
2024-05-21,2115.94,2103.761534690857,0.011378612003831168,0.0056064725
2024-05-22,2131.49,2128.412748889923,0.007322107473829716,0.0058772825
2024-05-26,2109.34,2144.1420730936525,-0.010446163331830948,0.0059181745
2024-05-27,2113.27,2113.3722990703586,0.0018614085291965546,0.001909797
2024-05-29,2089.42,2119.088377008438,-0.011349995376275825,0.0027494116
2024-05-30,2069.53,2089.4314576005936,-0.009564987144712706,5.378125e-06
2024-06-02,2083.04,2069.5244490879777,0.006506836810235418,-2.689167e-06
2024-06-03,2079.07,2089.4324430274964,-0.0019076868242267567,0.0030640988
2024-06-04,2085.3,2078.5186700040103,0.0029920514496897133,-0.00026520115
2024-06-05,2079.71,2087.4530131459237,-0.0026842688764100926,0.0010319886
2024-06-06,2077.78,2077.9572002863883,-0.0009284448735365259,-0.00084309187
2024-06-09,2073.19,2076.046660637856,-0.0022115321820006,-0.00083458005
2024-06-10,2082.09,2071.5833200609686,0.0042837130637289125,-0.00077526417
2024-06-11,2115.24,2085.8505459201338,0.015796084313530676,0.0018044651
2024-06-12,2121.62,2119.447479314804,0.003011666574910818,0.0019870887
2024-06-13,2112.29,2126.3912756752966,-0.004407280788798692,0.0022463803
2024-06-16,2095.25,2110.5199396330117,-0.008099789026958768,-0.0008382882
2024-06-18,2076.49,2093.174758836627,-0.00899390971561373,-0.00099092
2024-06-19,2078.76,2074.585451109409,0.0010925938154481482,-0.0009176036
2024-06-20,2068.31,2078.685038230419,-0.005039713396704303,-3.6066554e-05
2024-06-23,2062.94,2065.802590124011,-0.0025996988922959785,-0.0012130445
2024-06-24,2066.16,2061.201211243868,0.0015596622279590493,-0.0008432097
2024-06-25,2071.77,2066.233399028778,0.0027115023391764363,3.548583e-05
2024-06-26,2060.16,2071.7248037159443,-0.005619664686596643,-2.1862861e-05
2024-06-27,2051.92,2055.8261923599243,-0.0040077094944918545,-0.002105801
2024-06-30,2037.09,2047.2567945098879,-0.0072536213036119785,-0.0022752173
2024-07-01,2053.38,2033.8225871050356,0.007964897001637852,-0.0016053229
2024-07-02,2100.43,2057.5092270684245,0.022654869781496122,0.00200891
2024-07-03,2104.22,2104.268490474224,0.001802766473522297,0.001825878
2024-07-04,2119.69,2107.9994450211525,0.0073249994298983144,0.0017945803
2024-07-07,2140.97,2125.908367959261,0.009989145788814388,0.0029293206
2024-07-08,2136.35,2147.9758854222296,-0.0021602320128686157,0.0032670232
2024-07-09,2152.14,2137.0465300142764,0.007363930592937326,0.0003260594
2024-07-10,2175.4,2160.68944149971,0.010749859732027453,0.0039645666
2024-07-11,2204.61,2188.022784972191,0.01333806682942177,0.0057857106
2024-07-14,2257.59,2221.0944939279557,0.023747250116931226,0.007449419
2024-07-15,2240.41,2270.8116073894503,-0.007638987791724416,0.005839372
2024-07-16,2310.59,2247.8892434740064,0.030844018344970192,0.0033327546
2024-07-17,2364.63,2333.6721897983552,0.023118658324428148,0.009940154
2024-07-18,2424.32,2387.8931945621966,0.02492951119377261,0.009789858
2024-07-21,2485.94,2448.7417797851563,0.02509978494497096,0.010023233
2024-07-22,2488.09,2511.2593070554735,0.0008644902157402137,0.01013352
2024-07-23,2563.43,2507.833111462593,0.029830857595659736,0.007903705
2024-07-24,2536.11,2589.441672619581,-0.010714794423167036,0.010096189
2024-07-25,2568.11,2551.6965134060383,0.012538808772676588,0.006126954
2024-07-28,2681.56,2594.2824343311786,0.04322849492530198,0.010139644
2024-07-29,2661.09,2709.44581908226,-0.007662901431512328,0.0103453575
2024-07-30,2696.65,2678.199619277716,0.013274448618393272,0.0064089713
2024-07-31,2760.9,2723.8476081430913,0.02354645161730807,0.010035155
2024-08-01,2755.62,2789.252796006203,-0.0019142508727665122,0.010217083
2024-08-05,2796.38,2773.278604230881,0.014683260919460487,0.006387755
2024-08-06,2651.32,2809.685843794346,-0.05326809438900231,0.0047468944
2024-08-07,2759.67,2656.112447705269,0.04005347817470131,0.0018059001
2024-08-08,2766.38,2776.7094310534003,0.002428498945085535,0.006155488
2024-08-11,2860.91,2788.3435575270655,0.0336001497325808,0.007908199
2024-08-12,2931.65,2877.2860561311245,0.02442564841608566,0.005707699
2024-08-13,2923.46,2953.0717207908633,-0.002797558147146867,0.0072804824
2024-08-14,2957.75,2933.7568870592117,0.011660997841853074,0.0035160396
2024-08-15,3000.81,2975.4719427227974,0.014453408073034163,0.0059739267
2024-08-18,2966.33,3017.513584449291,-0.011556753740451694,0.005550956
2024-08-21,2968.44,2968.281596173048,0.0007110638117073828,0.0006576932
2024-08-22,2974.46,2991.207714214325,0.002025947621219521,0.0076406933
2024-08-25,2894.57,2981.9129856133463,-0.02722594187578941,0.0025025208
2024-08-27,2782.6,2892.645257365704,-0.039450825615715814,-0.00066518324
2024-08-28,2786.4,2779.375761604309,0.0013646976440150054,-0.0011593903
2024-08-29,2749.57,2779.8118440628054,-0.013305904253605961,-0.0023671647
2024-09-01,2695.93,2733.249134963751,-0.01970130749476002,-0.0059534665
2024-09-02,2823.25,2690.5504218542574,0.04614547530035418,-0.0019973973
2024-09-03,2830.16,2820.4141654372215,0.002444543537815341,-0.0010049747
2024-09-04,2739.46,2818.525909771919,-0.032572426474322604,-0.00411922
2024-09-05,2727.36,2721.854987447262,-0.004426712333339625,-0.0064471997
2024-09-08,2701.9,2708.3290367889404,-0.00937887912116346,-0.0070022666
2024-09-09,2646.03,2680.737455910444,-0.020894825733660735,-0.007863369
2024-09-10,2632.94,2636.849212655425,-0.004959310937087608,-0.0034757114
2024-09-11,2610.21,2619.3506452178954,-0.008670414691880764,-0.005174664
2024-09-12,2688.38,2605.5355796760323,0.029508103848856746,-0.00179243
2024-09-15,2637.79,2689.5683393573763,-0.01899733635238488,0.0004419492
2024-09-16,2580.76,2618.5153724652528,-0.02185751616583529,-0.0073339697
2024-09-18,2576.76,2562.0103900742533,-0.0015511334137356088,-0.0072916215
2024-09-22,2588.35,2569.8642569589615,0.004487811276937411,-0.0026796935
2024-09-23,2529.33,2578.0818945765495,-0.02306616152837348,-0.0039749644
2024-09-24,2470.39,2510.6492004185916,-0.023578412620802194,-0.007413152
2024-09-25,2519.57,2463.641682895422,0.01971221913023673,-0.0027354078
2024-09-26,2486.76,2517.862925823331,-0.01310759368764316,-0.0006778007
2024-09-29,2464.4,2479.1210597777367,-0.009032288196980948,-0.0030765506
2024-09-30,2508.86,2452.0637634515765,0.017880096546020935,-0.005018364
2024-10-01,2623.56,2512.4932167720794,0.04470370739035992,0.001447134
2024-10-02,2597.49,2628.71885617733,-0.009986579966455382,0.0019645025
2024-10-06,2653.58,2597.2238601762056,0.021364077563136876,-0.00010239089
2024-10-07,2690.72,2661.549652953148,0.01389914410096154,0.0029989008
2024-10-08,2663.32,2700.157045230865,-0.010235350952582595,0.0035011962
2024-10-09,2668.17,2667.56169960022,0.0018193793246723984,0.0015914129
2024-10-15,2699.66,2679.451329817772,0.011732994990629953,0.004219183
2024-10-16,2742.88,2718.687554731369,0.015882624122011677,0.007023412
2024-10-17,2745.36,2768.429638309479,0.0009037506263566791,0.009271829
2024-10-20,2697.91,2755.279954175949,-0.017434814717213254,0.0036068333
2024-10-21,2639.92,2696.0592611056563,-0.02172878551740164,-0.0006861502
2024-10-22,2665.81,2640.403069086075,0.009759337731115343,0.00018292684
2024-10-23,2645.39,2671.287416653633,-0.007689448943895754,0.0020524804
2024-10-24,2627.14,2641.5284772598743,-0.006922700443250652,-0.0014607535
2024-10-27,2617.95,2623.945725761652,-0.003504233255926543,-0.001216645
2024-10-28,2645.36,2615.553663316369,0.010415593151995712,-0.0009157124
2024-10-29,2692.05,2650.072297258377,0.017495823252444156,0.0017797885
2024-10-30,2677.62,2694.500845938921,-0.005374644898613857,0.0009099258
2024-11-05,2677.4,2673.782132731676,-8.216589298393869e-05,-0.0014342738
2024-11-06,2675.51,2677.339517104626,-0.0007061579882862692,-2.2552455e-05
2024-11-10,2738.06,2678.0708145940307,0.02310962405047662,0.00095667667
2024-11-11,2760.21,2746.2540005111696,0.00805712335926404,0.0029881715
2024-11-12,2748.96,2768.5956525242327,-0.004084105459594871,0.0030334163
2024-11-13,2734.83,2749.0802664756775,-0.005153381610622049,4.3698572e-05
2024-11-14,2748.78,2735.671450241804,0.005087900158220041,0.00030753936
2024-11-17,2753.76,2757.860671234131,0.0018100736604157312,0.0032980994
2024-11-19,2702.65,2755.980115528107,-0.018734477385794146,0.00080601225
2024-11-20,2711.75,2700.884609284997,0.0033614097844503073,-0.0006534864
2024-11-21,2680.44,2716.0093500614166,-0.011613222786861136,0.0015694479
2024-11-24,2667.4,2678.131850860119,-0.004876744945171592,-0.00086143875
2024-11-25,2683.24,2664.4459764003755,0.00592080434258049,-0.0011081521
2024-11-26,2716.66,2686.855778083801,0.01237816504518281,0.001346529
2024-11-27,2755.47,2721.937801516056,0.01418484237168853,0.0019408908
2024-11-28,2748.05,2760.9076185393333,-0.0026964577200879196,0.0019715282
2024-12-01,2738.06,2746.250367370248,-0.003641928813670384,-0.0006551365
2024-12-02,2758.04,2736.2487942624093,0.007270642097322099,-0.00066177815
2024-12-03,2775.85,2766.2842585229873,0.006436724073331882,0.002984764
2024-12-04,2750.87,2781.1706553637982,-0.009039781320084516,0.001914946
2024-12-05,2734.93,2750.802118643522,-0.005811383885920242,-2.4670702e-05
2024-12-08,2689.0,2732.248573977351,-0.0169364641097724,-0.0009808646
2024-12-09,2676.15,2686.7862555980682,-0.00479018278004253,-0.00082357787
2024-12-10,2669.82,2673.034272220731,-0.0023681400974063563,-0.0011649287
2024-12-11,2715.71,2667.6285701930524,0.017042374917720034,-0.00082116167
2024-12-12,2682.29,2718.1700839960577,-0.01238252205046035,0.0009054844
2024-12-16,2630.91,2676.2455324298144,-0.019341113329129026,-0.002255958
2024-12-17,2633.87,2624.9626549422737,0.0011244535619281857,-0.002263158
2024-12-18,2628.26,2629.194654431939,-0.0021322172296838592,-0.001776619
2024-12-19,2596.82,2621.14278172493,-0.012034410744307835,-0.002711697
2024-12-22,2583.29,2588.794680413008,-0.005223839172436545,-0.003095252
2024-12-23,2612.2,2578.6925821197033,0.011128997798374509,-0.0017813323
2024-12-24,2626.31,2614.088631939888,0.0053870410185013345,0.00072275184
2024-12-26,2630.71,2628.607071989775,0.0016739525538967488,0.00087417825
2024-12-29,2609.58,2627.489432732463,-0.008064482888248153,-0.0012250497
2024-12-31,2576.5,2602.9120233213903,-0.012757400059291792,-0.002558436
2025-01-01,2581.6,2572.8185871839523,0.001977472969473053,-0.0014298004
2025-01-02,2586.23,2581.6600113868712,0.0017918550876528225,2.3164906e-05
2025-01-05,2591.56,2584.9392909938097,0.002058794150654736,-0.00049921236
2025-01-06,2640.68,2595.053780140877,0.01877644875493777,0.0013472277
2025-01-07,2646.84,2648.4557163858412,0.0023300158814996467,0.0029403483
2025-01-08,2653.38,2650.111393432617,0.0024678233428546475,0.0012352157
2025-01-09,2635.09,2656.370055220127,-0.006916961965454953,0.0011262689
2025-01-12,2609.67,2632.708444581628,-0.00969356044857037,-0.00090425945
2025-01-13,2594.13,2607.358394435048,-0.0059725762691808576,-0.0008861407
2025-01-15,2595.96,2592.3671523302796,0.0007051901126327034,-0.00067978457
2025-01-16,2588.62,2596.1039000844958,-0.002831475222249518,5.534888e-05
2025-01-19,2601.21,2586.4780938076974,0.004851806204595749,-0.00082778576
2025-01-20,2607.99,2606.0352855312826,0.0026030883162398225,0.0018533198
2025-01-21,2613.08,2610.00647557497,0.0019497925186026486,0.00077291904
2025-01-22,2665.45,2615.340891752243,0.019843296678196103,0.0008649445
2025-01-23,2654.35,2670.4144697666165,-0.0041730952699782255,0.0018608009
2025-01-26,2643.93,2652.6324549913406,-0.003933357026899315,-0.0006472897
2025-01-27,2633.32,2642.3065025818346,-0.004021039100239819,-0.0006142668
2025-01-28,2657.77,2633.1768542099003,0.00924201781961653,-5.4382235e-05
2025-02-02,2727.58,2666.665977265835,0.025927343863514283,0.0033415018
2025-02-03,2730.0,2737.545935587883,0.0008868400128289944,0.00364716
2025-02-04,2715.91,2734.181921482086,-0.005174537015586736,0.0015306745
2025-02-05,2711.45,2716.9427998280526,-0.0016435250301938711,0.0003802734
2025-02-06,2699.81,2712.945262110233,-0.004302146987285391,0.00055122183
2025-02-09,2688.31,2698.311662557721,-0.004268656771638034,-0.00055509893
2025-02-10,2677.32,2686.5522136843206,-0.004096449202982518,-0.0006540657
2025-02-11,2683.86,2675.784035689831,0.0024397626060233837,-0.0005738904
2025-02-12,2685.73,2689.856654984951,0.000696515032097328,0.0022318913
2025-02-13,2678.47,2686.4407640028,-0.0027068358498231137,0.0002646325
2025-02-16,2698.03,2676.4924247044323,0.007276141093930168,-0.00073864864
2025-02-17,2727.91,2703.5218363392355,0.011013871163238176,0.0020333629
2025-02-18,2739.82,2733.3966430187224,0.004356476576766213,0.0020093252
2025-02-20,2743.74,2745.1156868982316,0.0014297283763637348,0.0019310665
2025-02-23,2755.4,2747.49879527092,0.004240669440583814,0.001369025
2025-02-24,2758.75,2763.111801671982,0.0012150559604474135,0.0027949687
2025-02-25,2765.88,2762.6405158638954,0.0025811697647075372,0.0014093313
2025-02-27,2815.04,2774.364648470879,0.017617622728656027,0.0030629209
2025-03-02,2890.28,2831.6397467803954,0.026376912162189795,0.005879407
2025-03-03,2876.66,2907.7261993932725,-0.004723484316924027,0.006018098
2025-03-04,2846.3,2878.8989546799658,-0.010609993711834685,0.00077806285
2025-03-05,2821.13,2846.532763504982,-0.00888239130822205,8.180413e-05
2025-03-06,2818.43,2821.495227124691,-0.0009575215819287486,0.00012950411
2025-03-09,2772.1,2818.258648650646,-0.016574836612409515,-6.07469e-05
2025-03-10,2751.42,2770.2560328006743,-0.007488013668027042,-0.00066541537
2025-03-11,2719.2,2748.8534405064584,-0.01177942264524709,-0.00093325385
2025-03-12,2736.48,2716.6680338859555,0.006334703569475322,-0.0009315697
2025-03-16,2714.85,2737.566292076111,-0.007935719728391334,0.00039699956
2025-03-17,2704.7,2702.4903663754462,-0.0037457028230329014,-0.004562999
2025-03-18,2697.04,2693.020141136646,-0.0028361250761793715,-0.004327709
2025-03-19,2682.15,2687.3840234279633,-0.0055361636344561475,-0.0035866634
2025-03-20,2669.31,2674.1738359093665,-0.0047986996593211585,-0.0029781768
2025-03-23,2616.26,2651.7871608799696,-0.020074195012403907,-0.006586238
2025-03-24,2640.78,2608.255223860741,0.009328511030120796,-0.003064277
2025-03-25,2582.73,2635.549349087477,-0.022227349032202748,-0.0019826323
2025-03-26,2621.86,2575.4200306910275,0.015037010527147308,-0.0028343005
2025-03-27,2663.3,2622.9201698303223,0.01568196582667162,0.00040434048
2025-03-30,2693.12,2666.346952497959,0.01113441741979257,0.0011433301
2025-04-01,2676.17,2695.7808203125,-0.006313704905589253,0.0009874633
2025-04-02,2700.04,2674.230332107544,0.008879919813959984,-0.000725031
2025-04-03,2703.39,2704.331812582016,0.001239953299742601,0.0015883476
2025-04-07,2670.06,2704.145399007797,-0.012405596945321626,0.00027933103
2025-04-08,2666.61,2669.3347626650334,-0.0012929412838390676,-0.00027164214
2025-04-09,2676.28,2666.0146019876006,0.0036197677880718164,-0.00022327606
2025-04-10,2670.7,2683.1329241561893,-0.0020871602383591486,0.0025573971
2025-04-13,2662.08,2670.2354948878287,-0.003232838222268641,-0.00017391563
2025-04-15,2689.22,2660.4017227363584,0.010143416627734598,-0.000630616
2025-04-16,2696.23,2694.0998688459395,0.002603312242815087,0.0018129293
2025-04-17,2722.73,2703.3634992194175,0.009780552448099545,0.0026422478
2025-04-20,2706.04,2728.0445862841607,-0.006148741826689671,0.0019500408
2025-04-21,2698.28,2704.334653837681,-0.002871778626406894,-0.00063046813
2025-04-22,2688.32,2696.956047267914,-0.0036980697845932628,-0.0004907735
2025-04-23,2655.94,2685.467953052521,-0.012117822196769748,-0.0010614499
2025-04-24,2658.02,2652.966689941883,0.0007828437196464402,-0.0011201674
2025-04-27,2661.6,2657.5936639606953,0.0013459610049078698,-0.00016043801
2025-04-28,2647.07,2661.174676179886,-0.005474077794717464,-0.00015977604
2025-04-29,2631.98,2642.795960777402,-0.0057169532774070655,-0.001615894
2025-04-30,2623.83,2627.497047615051,-0.003101332252270028,-0.0017047434
2025-05-04,2620.39,2618.1205806416274,-0.0013119207406982873,-0.0021783863
2025-05-05,2610.4,2615.5889550465345,-0.0038196953600630806,-0.0018338644
2025-05-06,2611.43,2603.5285920619967,0.00039449771951894177,-0.0026357386
2025-05-07,2673.69,2610.9305083757636,0.023561576753489355,-0.00019130284
2025-05-08,2661.64,2677.5322743022443,-0.004517066606526775,0.0014360526
2025-05-11,2649.11,2658.530694954395,-0.004718739631853193,-0.0011688856
2025-05-13,2634.23,2645.947435711026,-0.005632815356745643,-0.001194599
2025-05-14,2620.27,2630.895685875416,-0.005313553276377045,-0.0012665336
2025-05-15,2611.85,2617.3559886610506,-0.003218583392108646,-0.0011127667
2025-05-18,2609.05,2609.2592002093793,-0.0010726121045984793,-0.0009925378
2025-05-19,2628.36,2607.580727362633,0.00737390714019478,-0.00056323886
2025-05-20,2677.45,2635.9267970180513,0.01850477148711425,0.0028747115
2025-05-21,2669.51,2685.2723877668377,-0.002969914058140137,0.0029173407
2025-05-22,2688.55,2668.53860173285,0.007107079854795322,-0.00036399008
2025-05-25,2679.98,2693.2619929909706,-0.0031926830173847477,0.0017509849
2025-05-26,2674.76,2678.6102358806133,-0.0019496751115968356,-0.0005112749
2025-05-27,2675.62,2674.3947501778603,0.0003214724963109891,-0.00013658749
2025-05-28,2693.06,2679.218173763752,0.0064969643733470235,0.0013438966
2025-06-02,2694.66,2701.0361833786965,0.000593943281030086,0.0029573222
2025-06-03,2658.93,2698.2230665683746,-0.013348250619435923,0.0013213744
2025-06-04,2646.95,2657.2873073476553,-0.004515752470099885,-0.0006179435
2025-06-05,2640.96,2644.4957218766212,-0.0022655463357252785,-0.000927664
2025-06-08,2629.89,2639.0216103744506,-0.004200467202259987,-0.00073426054
2025-06-09,2653.09,2627.394952005744,0.008782978220060586,-0.0009491315
2025-06-10,2678.17,2657.9403623294834,0.009408727023325868,0.001826564
2025-06-11,2664.47,2682.6862907624245,-0.005128561920051538,0.0016849079
2025-06-12,2655.38,2662.297096072435,-0.0034173929139047023,-0.0008158005
2025-06-15,2655.85,2652.4163384187223,0.00017698348639635572,-0.0011167851
2025-06-16,2658.66,2655.2984793305395,0.0010574823499668953,-0.00020759497
2025-06-17,2654.75,2658.93383354187,-0.0014717481638979947,0.00010292563
2025-06-18,2653.68,2653.2442316412926,-0.0004031323816989326,-0.0005673802
2025-06-19,2628.91,2652.078512005806,-0.009378044307234039,-0.00060365885
2025-06-22,2595.97,2624.4727040040493,-0.012609069078185027,-0.00168925
2025-06-23,2600.76,2592.094895055294,0.0018434674714743627,-0.0014938185
2025-06-24,2600.53,2600.1394654440883,-8.843959869565306e-05,-0.00023861801
2025-06-25,2600.2,2598.008400347233,-0.00012690526154724785,-0.0009700536
2025-06-26,2595.74,2597.2859908819196,-0.0017167254030477292,-0.001121307
2025-06-29,2622.28,2593.262498093843,0.01017252860802384,-0.00095485593
2025-06-30,2631.48,2624.958045363426,0.0035022572039005322,0.0010207404
2025-07-01,2660.39,2635.242166457176,0.010926303032998555,0.0014286204
2025-07-02,2694.82,2665.7563801181313,0.012858683190074527,0.0020152044
2025-07-03,2703.96,2702.694099376202,0.0033859533940123,0.002917664
2025-07-06,2706.36,2711.4759353399277,0.0008871934219871599,0.0027757287
2025-07-07,2684.01,2709.929181046486,-0.008292613708971391,0.0013179601
2025-07-08,2683.86,2683.5879741775993,-5.5888089703789845e-05,-0.00015716725
2025-07-09,2705.9,2687.2836891102793,0.008178517355537668,0.00127483
2025-07-10,2731.8,2716.92377563715,0.009526158435911381,0.0040657334
2025-07-13,2760.8,2743.3116117239,0.010559760215002253,0.004205129
2025-07-14,2725.71,2770.355796146393,-0.012791548165109641,0.0034553101
2025-07-15,2760.17,2726.45246494174,0.01256332739856506,0.00027232923
2025-07-16,2794.78,2769.956903438568,0.01246111948831069,0.0035395657
2025-07-17,2870.63,2806.305133197308,0.026778126353952072,0.0041153724
2025-07-20,2870.95,2883.2946930778025,0.00011146757524270407,0.0044021667
2025-07-21,2892.72,2882.109889411926,0.007554250513442912,0.0038795543
2025-07-22,2974.21,2916.5963141727448,0.027781221549405075,0.008220136
2025-07-23,2978.88,2999.2861480879783,0.0015689334305223936,0.0083958395
2025-07-24,2982.64,2991.252038269043,0.0012614234284452073,0.0041447114
2025-07-27,2964.2,2993.832622728348,-0.006201632833755806,0.003745627
2025-07-28,2971.31,2970.2495262145994,0.002395751468947932,0.0020388488
2025-07-29,3002.07,2986.6032739925386,0.010299117717930555,0.0051337993
2025-07-30,2954.14,3014.353688864708,-0.016094474376469183,0.0040833927
2025-07-31,2922.63,2954.217475404739,-0.010723680512671726,2.6192083e-05
2025-08-03,2858.9,2920.5437529802325,-0.02204696037473706,-0.0007139843
2025-08-04,2875.36,2856.349908345938,0.005740948337896944,-0.0008924176
2025-08-05,2834.0,2876.081187286377,-0.01448874253308632,0.00025073244
2025-08-06,2832.06,2827.33544754982,-0.0006847792207668728,-0.0023543753
2025-08-07,2850.37,2827.8432778215406,0.006444448367761814,-0.0014900543
2025-08-11,2822.46,2849.8472321885824,-0.009839965307705844,-0.00018340455
2025-08-12,2796.24,2810.0054688835144,-0.009333187510119505,-0.004422433
2025-08-13,2785.74,2777.1990791130065,-0.003762110356643003,-0.0068327375
2025-08-14,2788.36,2776.673385672569,0.0009400621420302076,-0.0032599973
2025-08-17,2761.22,2782.3871328878404,-0.009780998334511806,-0.0021443437
2025-08-18,2770.39,2754.202572414875,0.0033154934639637633,-0.0025446964
2025-08-19,2776.9,2768.9956582236287,0.002347093080963384,-0.000503443
2025-08-20,2767.2,2775.5800087988378,-0.0034992189526388984,-0.0004754496
2025-08-21,2757.97,2760.9402740478513,-0.003341076776297354,-0.0022646363
2025-08-24,2739.95,2750.3779128217693,-0.006555229806228102,-0.002756499
2025-08-25,2761.26,2733.4832655817268,0.007747425235547695,-0.0023629814
2025-08-26,2766.09,2763.997030613423,0.0017476733803289814,0.0009908202
2025-08-27,2819.1,2768.46844075799,0.01898291440081889,0.00085944764
2025-08-28,2781.0,2822.9348138451574,-0.013607109823164149,0.0013594424
2025-08-31,2749.83,2777.726229786873,-0.011271483665988678,-0.0011778714
2025-09-01,2761.86,2747.1654347759486,0.004365274209272376,-0.00096949073
2025-09-02,2741.97,2764.6354878759385,-0.007227725633878416,0.0010044288
2025-09-03,2726.33,2738.2536709123847,-0.005720257720608091,-0.0013563004
2025-09-04,2719.77,2722.8989342248437,-0.002409064531547353,-0.0012592896
2025-09-07,2708.25,2717.309642495513,-0.004244648065537902,-0.00090504234
2025-09-08,2672.25,2702.6434119343758,-0.013381855671621708,-0.0020723322
2025-09-18,2511.91,2651.1037069112062,-0.061877394233282666,-0.007944674
2025-09-21,2623.62,2500.319908711314,0.04351162358303154,-0.0046247127
2025-09-23,2682.25,2624.4772748208043,0.022100951013051488,0.00032669588
2025-09-24,2654.35,2682.7050029933453,-0.010456190906671018,0.00016958664
2025-09-25,2652.0,2648.385739523172,-0.0008857313044315096,-0.002249465
2025-09-28,2663.51,2648.822920560837,0.004330729502672235,-0.0011987366
2025-10-07,2604.96,2662.776698796153,-0.022227481825220913,-0.00027536304
2025-10-08,2559.59,2594.75875582695,-0.017570230585977918,-0.003923805
2025-10-09,2582.18,2553.850868035555,0.008786913979959721,-0.0022446988
2025-10-12,2503.35,2576.1102544200417,-0.03100416851966472,-0.0023533478
2025-10-13,2547.6,2501.085271078348,0.017521904639689168,-0.00090512406
2025-10-14,2528.16,2547.193348932266,-0.0076599740940218024,-0.00015963597
2025-10-15,2505.58,2516.420037345886,-0.008971520758613339,-0.0046545044
2025-10-16,2487.17,2494.182796930075,-0.00737472672896675,-0.0045590457
2025-10-19,2503.85,2480.303352563977,0.006684029356700196,-0.002764692
2025-10-26,2509.04,2499.405152621865,0.002070662573647413,-0.0017768278
2025-10-28,2571.34,2509.7503645801544,0.02452695393936418,0.00028308388
2025-10-29,2566.16,2574.9751109814647,-0.0020165456955148855,0.0014126375
2025-10-30,2600.38,2565.0697363662716,0.013246970086488896,-0.00042491188
2025-11-02,2631.14,2609.021265974045,0.011759624154881024,0.0033175913
2025-11-03,2622.89,2638.6175669097897,-0.003140449057357004,0.0028378442
2025-11-04,2595.24,2622.6484602206942,-0.01059776540122131,-9.209719e-05
2025-11-05,2607.42,2594.842914984226,0.004682228802999924,-0.00015302791
2025-11-06,2596.12,2615.399283192158,-0.0043432039584778955,0.0030554999
2025-11-09,2566.09,2595.8004602265355,-0.011634683111410738,-0.00012312863
2025-11-10,2560.29,2565.575473229885,-0.0022628062979365856,-0.00020052872
